timestamp,zipcode,number_outages,customers_served,customers_affected,percent_affected
2026-09-28T15:46:08.006Z,48202,2,9597,23,0.24
2026-09-28T15:46:08.006Z,48197,2,29710,4,0.01
2026-09-28T15:46:08.006Z,48122,1,5262,4,0.02
2026-09-28T15:46:08.006Z,48150,3,13784,4,0.02
2026-09-28T15:46:08.006Z,48234,1,13193,4,0.01
2026-09-28T15:46:08.006Z,48236,2,13360,8,0.06
2026-09-28T15:46:08.006Z,48092,1,12028,4,0.01
2026-09-28T15:46:08.006Z,48108,1,14611,4,0.01
2026-09-28T15:46:08.006Z,48141,1,10691,4,0.01
2026-09-28T15:46:08.006Z,48220,2,12887,4,0.02
2026-09-28T15:46:08.006Z,48331,2,9612,4,0.03
2026-09-28T15:46:08.006Z,48238,2,11437,5,0.04
2026-09-28T15:46:08.006Z,48213,1,8234,4,0.01
2026-09-28T15:46:08.006Z,48235,1,18966,4,0.01
2026-09-28T15:46:08.006Z,48083,1,11925,4,0.01
2026-09-28T15:46:08.006Z,48895,3,5206,5,0.1
2026-09-28T15:46:08.006Z,48216,2,3827,6,0.16
2026-09-28T15:46:08.006Z,48160,2,6105,4,0.05
2026-09-28T15:46:08.006Z,48071,1,15432,4,0.01
2026-09-28T15:46:08.006Z,48327,1,11719,4,0.01
2026-09-28T15:46:08.006Z,48206,2,8015,4,0.05
2026-09-28T15:46:08.006Z,48091,1,13501,4,0.01
2026-09-28T15:46:08.006Z,48021,3,14534,4,0.02
2026-09-28T15:46:08.006Z,48421,1,3011,4,0.03
2026-09-28T15:46:08.006Z,48073,3,18633,10,0.05
2026-09-28T15:46:08.006Z,48228,2,21128,4,0.01
2026-09-28T15:46:08.006Z,48162,2,13808,4,0.03
2026-09-28T15:46:08.006Z,48363,1,2854,4,0.04
2026-09-28T15:46:08.006Z,48328,1,12550,4,0.01
2026-09-28T15:46:08.006Z,48214,2,8134,4,0.02
2026-09-28T15:46:08.006Z,48412,1,2737,4,0.04
2026-09-28T15:46:08.006Z,48386,1,8213,4,0.01
2026-09-28T15:46:08.006Z,48154,1,16807,48,0.29
2026-09-28T15:46:08.006Z,48146,2,17124,31,0.18
2026-09-28T15:46:08.006Z,48104,1,20575,4,0.01
2026-09-28T15:46:08.006Z,48120,1,3036,4,0.03
2026-09-28T15:46:08.006Z,48371,2,10977,4,0.02
2026-09-28T15:46:08.006Z,48152,1,14692,15,0.1
2026-09-28T15:46:08.006Z,48326,1,13405,4,0.01
2026-09-28T15:46:08.006Z,48450,2,4433,4,0.05