total_affected,total_percent_affected,total_percent_active,total_served,total_outages,date_generated
346104,14.14,85.86,2448168,6236,2023-02-23T03:33:06.006Z
346104,14.14,85.86,2448168,6236,2023-02-23T03:33:06.006Z
363692,14.86,85.14,2448168,6554,2023-02-23T03:42:28.051Z
370996,15.15,84.85,2448168,6815,2023-02-23T03:53:00.623Z
370996,15.15,84.85,2448168,6815,2023-02-23T03:53:00.623Z
377787,15.43,84.57,2448168,6920,2023-02-23T04:13:35.726Z
388153,15.85,84.15,2448168,6900,2023-02-23T04:32:32.227Z
392152,16.02,83.98,2448168,6892,2023-02-23T04:43:06.500Z
392152,16.02,83.98,2448168,6892,2023-02-23T04:43:06.500Z
394307,16.11,83.89,2448168,6889,2023-02-23T04:53:09.647Z
404112,16.51,83.49,2448168,6794,2023-02-23T05:12:32.469Z
402202,16.43,83.57,2448168,6791,2023-02-23T05:24:24.422Z
405984,16.58,83.42,2448168,6785,2023-02-23T05:32:49.240Z
411200,16.8,83.2,2448168,6972,2023-02-23T05:43:11.999Z
411200,16.8,83.2,2448168,6972,2023-02-23T05:43:11.999Z
413237,16.88,83.12,2448168,7005,2023-02-23T05:53:02.900Z
414182,16.92,83.08,2448168,6999,2023-02-23T06:12:38.371Z
423421,17.3,82.7,2448168,6980,2023-02-23T06:32:46.858Z
425040,17.36,82.64,2448168,7020,2023-02-23T06:42:36.256Z
426059,17.4,82.6,2448168,7194,2023-02-23T06:52:46.155Z
426059,17.4,82.6,2448168,7194,2023-02-23T06:52:46.155Z
427689,17.47,82.53,2448168,7170,2023-02-23T07:12:47.617Z
432185,17.65,82.35,2448168,7222,2023-02-23T07:22:58.706Z
433533,17.71,82.29,2448168,7230,2023-02-23T07:32:37.767Z
433533,17.71,82.29,2448168,7230,2023-02-23T07:32:37.767Z
434851,17.76,82.24,2448168,7234,2023-02-23T07:42:53.264Z
437322,17.86,82.14,2448168,7244,2023-02-23T07:53:34.588Z
443114,18.1,81.9,2448168,7281,2023-02-23T08:12:49.943Z
445717,18.21,81.79,2448168,7447,2023-02-23T08:33:05.936Z
451614,18.45,81.55,2448168,7444,2023-02-23T08:42:08.859Z
451614,18.45,81.55,2448168,7444,2023-02-23T08:42:08.859Z
449676,18.37,81.63,2448168,7572,2023-02-23T08:52:57.197Z
457359,18.68,81.32,2448168,7658,2023-02-23T09:13:45.319Z
458437,18.73,81.27,2448168,7426,2023-02-23T09:23:33.785Z
459352,18.76,81.24,2448168,7316,2023-02-23T09:32:57.848Z
462878,18.91,81.09,2448168,7282,2023-02-23T09:43:46.053Z
462878,18.91,81.09,2448168,7282,2023-02-23T09:43:46.053Z
463031,18.91,81.09,2448168,7276,2023-02-23T09:53:11.289Z
462645,18.9,81.1,2448168,7335,2023-02-23T10:13:32.108Z
462578,18.89,81.11,2448168,7368,2023-02-23T10:33:36.005Z
462578,18.89,81.11,2448168,7368,2023-02-23T10:33:36.005Z
462569,18.89,81.11,2448168,7385,2023-02-23T10:43:06.238Z
462507,18.89,81.11,2448168,7403,2023-02-23T10:53:06.012Z
462453,18.89,81.11,2448168,7434,2023-02-23T11:02:42.041Z
462382,18.89,81.11,2448168,7508,2023-02-23T11:23:36.918Z
462382,18.89,81.11,2448168,7508,2023-02-23T11:23:36.918Z
462345,18.89,81.11,2448168,7550,2023-02-23T11:33:43.433Z
462317,18.88,81.12,2448168,7576,2023-02-23T11:43:37.102Z
462298,18.88,81.12,2448168,7625,2023-02-23T11:53:09.237Z
468624,19.14,80.86,2448168,7939,2023-02-23T12:43:07.565Z
470811,19.23,80.77,2448168,8208,2023-02-23T13:13:16.618Z
499812,20.42,79.58,2448168,8749,2023-02-23T13:32:39.723Z
512545,20.94,79.06,2448168,9416,2023-02-23T13:43:03.719Z
516620,21.1,78.9,2448168,9563,2023-02-23T13:53:37.905Z
519100,21.2,78.8,2448168,9730,2023-02-23T14:03:14.876Z
520400,21.26,78.74,2448168,9892,2023-02-23T14:24:36.406Z
522313,21.33,78.67,2448168,10026,2023-02-23T14:32:56.664Z
522313,21.33,78.67,2448168,10026,2023-02-23T14:32:56.664Z
528558,21.59,78.41,2448168,10142,2023-02-23T14:42:54.403Z
533063,21.77,78.23,2448168,10276,2023-02-23T14:53:52.969Z
538027,21.98,78.02,2448168,10521,2023-02-23T15:13:03.067Z
535163,21.86,78.14,2448168,10554,2023-02-23T15:23:06.630Z
541304,22.11,77.89,2448168,10581,2023-02-23T15:33:11.492Z
542951,22.18,77.82,2448168,10756,2023-02-23T15:43:04.771Z
544824,22.25,77.75,2448168,10841,2023-02-23T15:53:50.597Z
546439,22.32,77.68,2448168,11062,2023-02-23T16:02:44.127Z
563518,23.02,76.98,2448168,11445,2023-02-23T16:33:41.309Z
571777,23.36,76.64,2448168,11622,2023-02-23T16:53:11.148Z
575693,23.52,76.48,2448168,11645,2023-02-23T17:03:10.022Z
580085,23.69,76.31,2448168,11808,2023-02-23T17:23:24.154Z
580085,23.69,76.31,2448168,11808,2023-02-23T17:23:24.154Z
585251,23.91,76.09,2448168,12407,2023-02-23T17:34:20.075Z
586435,23.95,76.05,2448168,12603,2023-02-23T17:43:27.059Z
587087,23.98,76.02,2448168,12624,2023-02-23T17:54:22.289Z
592992,24.22,75.78,2448168,11942,2023-02-23T18:12:38.927Z
600991,24.55,75.45,2448168,12141,2023-02-23T18:34:14.550Z
601846,24.58,75.42,2448168,12110,2023-02-23T18:42:45.293Z
601846,24.58,75.42,2448168,12110,2023-02-23T18:42:45.293Z
602071,24.59,75.41,2448168,12174,2023-02-23T18:53:17.330Z
605263,24.72,75.28,2448168,12270,2023-02-23T19:13:49.611Z
608304,24.85,75.15,2448168,12331,2023-02-23T19:23:11.772Z
608977,24.87,75.13,2448168,12389,2023-02-23T19:32:45.348Z
608977,24.87,75.13,2448168,12389,2023-02-23T19:32:45.348Z
609416,24.89,75.11,2448168,12403,2023-02-23T19:42:54.915Z
611874,24.99,75.01,2448168,12490,2023-02-23T19:53:39.719Z
612971,25.04,74.96,2448168,12566,2023-02-23T20:02:51.296Z
614480,25.1,74.9,2448168,12624,2023-02-23T20:23:35.094Z
614147,25.09,74.91,2448168,12682,2023-02-23T20:33:05.051Z
615330,25.13,74.87,2448168,12803,2023-02-23T20:43:23.428Z
615330,25.13,74.87,2448168,12803,2023-02-23T20:43:23.428Z
616402,25.18,74.82,2448168,12854,2023-02-23T20:53:42.179Z
614278,25.09,74.91,2448168,12927,2023-02-23T21:12:45.373Z
614132,25.09,74.91,2448168,12942,2023-02-23T21:23:09.806Z
618497,25.26,74.74,2448168,12920,2023-02-23T21:33:14.997Z
618497,25.26,74.74,2448168,12920,2023-02-23T21:33:14.997Z
619900,25.32,74.68,2448168,13015,2023-02-23T21:43:59.268Z
618040,25.24,74.76,2448168,13096,2023-02-23T21:53:48.045Z
612877,25.03,74.97,2448168,13154,2023-02-23T22:13:09.810Z
614494,25.1,74.9,2448168,13259,2023-02-23T22:23:08.845Z
615160,25.13,74.87,2448168,13342,2023-02-23T22:33:00.836Z
612249,25.01,74.99,2448168,13456,2023-02-23T22:43:34.901Z
617111,25.21,74.79,2448168,13528,2023-02-23T22:53:21.224Z
618198,25.25,74.75,2448168,13554,2023-02-23T23:03:15.458Z
618198,25.25,74.75,2448168,13554,2023-02-23T23:03:15.458Z
619092,25.29,74.71,2448168,13745,2023-02-23T23:23:07.093Z
619092,25.29,74.71,2448168,13745,2023-02-23T23:23:07.093Z
619606,25.31,74.69,2448168,14091,2023-02-23T23:33:46.352Z
620885,25.36,74.64,2448168,14109,2023-02-23T23:43:12.982Z
619319,25.3,74.7,2448168,14161,2023-02-23T23:53:38.659Z
618897,25.28,74.72,2448168,14288,2023-02-24T00:53:40.295Z
610813,24.95,75.05,2448168,14331,2023-02-24T01:43:13.575Z
605582,24.74,75.26,2448168,14439,2023-02-24T02:13:21.212Z
585142,23.9,76.1,2448168,14521,2023-02-24T02:53:49.041Z
568333,23.21,76.79,2448168,14510,2023-02-24T03:12:56.095Z
566077,23.12,76.88,2448168,14528,2023-02-24T03:23:39.311Z
565181,23.09,76.91,2448168,14536,2023-02-24T03:33:22.771Z
563109,23,77,2448168,14572,2023-02-24T03:43:35.763Z
548731,22.41,77.59,2448168,14572,2023-02-24T03:53:20.636Z
548726,22.41,77.59,2448168,14619,2023-02-24T04:12:58.340Z
556163,22.72,77.28,2448168,14629,2023-02-24T04:33:11.656Z
556141,22.72,77.28,2448168,14630,2023-02-24T04:43:10.465Z
556141,22.72,77.28,2448168,14630,2023-02-24T04:43:10.465Z
555063,22.67,77.33,2448168,14654,2023-02-24T04:54:06.898Z
555063,22.67,77.33,2448168,14654,2023-02-24T04:54:06.898Z
555450,22.69,77.31,2448168,14714,2023-02-24T05:12:19.223Z
555310,22.68,77.32,2448168,14734,2023-02-24T05:22:59.279Z
549758,22.46,77.54,2448168,14709,2023-02-24T05:33:14.200Z
549758,22.46,77.54,2448168,14709,2023-02-24T05:33:14.200Z
546017,22.3,77.7,2448168,14721,2023-02-24T05:43:36.616Z
546017,22.3,77.7,2448168,14721,2023-02-24T05:43:36.616Z
546685,22.33,77.67,2448168,14749,2023-02-24T05:53:50.099Z
547079,22.35,77.65,2448168,14752,2023-02-24T06:13:17.649Z
546014,22.3,77.7,2448168,14747,2023-02-24T06:33:12.961Z
545064,22.26,77.74,2448168,14736,2023-02-24T06:43:37.539Z
545179,22.27,77.73,2448168,14741,2023-02-24T06:53:46.074Z
545011,22.26,77.74,2448168,14749,2023-02-24T07:03:11.751Z
540005,22.06,77.94,2448168,14764,2023-02-24T07:13:11.337Z
538352,21.99,78.01,2448168,14763,2023-02-24T07:23:48.945Z
538292,21.99,78.01,2448168,14763,2023-02-24T07:32:35.349Z
538222,21.98,78.02,2448168,14766,2023-02-24T07:42:49.756Z
538282,21.99,78.01,2448168,14759,2023-02-24T07:53:54.298Z
539450,22.03,77.97,2448168,14788,2023-02-24T08:13:10.020Z
539774,22.05,77.95,2448168,14779,2023-02-24T08:32:40.436Z
539484,22.04,77.96,2448168,14779,2023-02-24T08:43:44.606Z
539667,22.04,77.96,2448168,14780,2023-02-24T08:52:39.039Z
537602,21.96,78.04,2448168,14789,2023-02-24T09:03:44.198Z
537619,21.96,78.04,2448168,14838,2023-02-24T09:24:09.740Z
537502,21.96,78.04,2448168,14848,2023-02-24T09:33:01.270Z
537603,21.96,78.04,2448168,14863,2023-02-24T09:43:20.613Z
537550,21.96,78.04,2448168,14869,2023-02-24T09:53:30.688Z
536242,21.9,78.1,2448168,14889,2023-02-24T10:13:47.663Z
535725,21.88,78.12,2448168,14915,2023-02-24T10:33:19.749Z
533834,21.81,78.19,2448168,14906,2023-02-24T10:43:43.649Z
534634,21.84,78.16,2448168,14890,2023-02-24T10:52:42.987Z
534296,21.82,78.18,2448168,14883,2023-02-24T11:03:22.340Z
533939,21.81,78.19,2448168,14916,2023-02-24T11:23:37.417Z
533245,21.78,78.22,2448168,14906,2023-02-24T11:33:26.352Z
533090,21.78,78.22,2448168,14942,2023-02-24T11:44:10.582Z
532722,21.76,78.24,2448168,14961,2023-02-24T11:53:06.198Z
534558,21.84,78.16,2448168,15056,2023-02-24T12:23:42.219Z
533752,21.8,78.2,2448168,15159,2023-02-24T12:53:09.447Z
539332,22.03,77.97,2448168,15272,2023-02-24T13:23:12.795Z
540781,22.09,77.91,2448168,15279,2023-02-24T13:32:55.216Z
541781,22.13,77.87,2448168,15322,2023-02-24T13:43:14.737Z
549256,22.44,77.56,2448168,15356,2023-02-24T13:53:27.922Z
545918,22.3,77.7,2448168,15421,2023-02-24T14:12:37.180Z
548405,22.4,77.6,2448168,15458,2023-02-24T14:23:57.151Z
548540,22.41,77.59,2448168,15507,2023-02-24T14:33:10.040Z
547676,22.37,77.63,2448168,15498,2023-02-24T14:43:51.368Z
548657,22.41,77.59,2448168,15523,2023-02-24T14:53:12.151Z
549786,22.46,77.54,2448168,15497,2023-02-24T15:12:53.628Z
549634,22.45,77.55,2448168,15479,2023-02-24T15:24:11.991Z
549616,22.45,77.55,2448168,15478,2023-02-24T15:33:40.364Z
549360,22.44,77.56,2448168,15475,2023-02-24T15:43:20.551Z
552926,22.59,77.41,2448168,15449,2023-02-24T15:53:44.701Z
553656,22.62,77.38,2448168,15476,2023-02-24T16:23:43.921Z
559232,22.84,77.16,2448168,15538,2023-02-24T16:43:45.536Z
559707,22.86,77.14,2448168,15576,2023-02-24T16:54:10.573Z
556187,22.72,77.28,2448168,15572,2023-02-24T17:02:42.484Z
551136,22.51,77.49,2448168,15560,2023-02-24T17:23:52.405Z
552255,22.56,77.44,2448168,15520,2023-02-24T17:32:50.513Z
551241,22.52,77.48,2448168,15546,2023-02-24T17:43:12.657Z
550633,22.49,77.51,2448168,15563,2023-02-24T17:54:17.799Z
548681,22.41,77.59,2448168,15598,2023-02-24T18:13:11.610Z
550582,22.49,77.51,2448168,15634,2023-02-24T18:33:16.557Z
547346,22.36,77.64,2448168,15654,2023-02-24T18:43:12.783Z
547152,22.35,77.65,2448168,15675,2023-02-24T18:53:45.501Z
543827,22.21,77.79,2448168,15723,2023-02-24T19:13:50.563Z
543121,22.18,77.82,2448168,15692,2023-02-24T19:23:52.742Z
542039,22.14,77.86,2448168,15413,2023-02-24T19:33:22.493Z
540301,22.07,77.93,2448168,15423,2023-02-24T19:42:37.909Z
539650,22.04,77.96,2448168,15370,2023-02-24T19:53:41.339Z
538752,22.01,77.99,2448168,15382,2023-02-24T20:12:43.277Z
537886,21.97,78.03,2448168,15286,2023-02-24T20:23:08.346Z
531687,21.72,78.28,2448168,15294,2023-02-24T20:32:42.353Z
527479,21.55,78.45,2448168,15317,2023-02-24T20:43:42.341Z
524660,21.43,78.57,2448168,15325,2023-02-24T20:53:15.903Z
520559,21.26,78.74,2448168,15213,2023-02-24T21:12:50.505Z
517916,21.16,78.84,2448168,15107,2023-02-24T21:23:22.029Z
513126,20.96,79.04,2448168,15084,2023-02-24T21:34:01.499Z
512152,20.92,79.08,2448168,14963,2023-02-24T21:43:11.500Z
511350,20.89,79.11,2448168,14969,2023-02-24T21:53:38.451Z
512164,20.92,79.08,2448168,15005,2023-02-24T22:02:54.706Z
489907,20.01,79.99,2448168,14875,2023-02-24T22:24:13.245Z
484163,19.78,80.22,2448168,14874,2023-02-24T22:43:10.985Z
481301,19.66,80.34,2448168,14856,2023-02-24T22:52:39.075Z
477685,19.51,80.49,2448168,14804,2023-02-24T23:12:07.157Z
474853,19.4,80.6,2448168,14678,2023-02-24T23:23:40.542Z
472356,19.29,80.71,2448168,14624,2023-02-24T23:33:08.474Z
469717,19.19,80.81,2448168,14606,2023-02-24T23:43:37.631Z
462332,18.88,81.12,2448168,14590,2023-02-24T23:53:08.365Z
441383,18.03,81.97,2448168,14476,2023-02-25T01:03:15.127Z
415710,16.98,83.02,2448168,14463,2023-02-25T02:23:35.742Z
415148,16.96,83.04,2448168,14575,2023-02-25T02:53:54.131Z
395790,16.17,83.83,2448168,14553,2023-02-25T03:33:19.557Z
384672,15.71,84.29,2448168,14523,2023-02-25T04:13:33.508Z
382621,15.63,84.37,2448168,14534,2023-02-25T04:33:21.212Z
370365,15.13,84.87,2448168,14546,2023-02-25T05:13:33.514Z
367091,14.99,85.01,2448168,14557,2023-02-25T05:33:35.853Z
363008,14.83,85.17,2448168,14466,2023-02-25T06:13:09.160Z
363070,14.83,85.17,2448168,14478,2023-02-25T06:33:11.240Z
356214,14.55,85.45,2448168,14479,2023-02-25T07:13:45.211Z
354336,14.47,85.53,2448168,14467,2023-02-25T07:33:00.863Z
349214,14.26,85.74,2448168,14463,2023-02-25T08:13:22.368Z
344945,14.09,85.91,2448168,14475,2023-02-25T08:39:24.272Z
338406,13.82,86.18,2448168,14436,2023-02-25T09:13:11.302Z
334627,13.67,86.33,2448168,14440,2023-02-25T09:33:19.797Z
334460,13.66,86.34,2448168,14477,2023-02-25T10:13:47.687Z
334613,13.67,86.33,2448168,14476,2023-02-25T10:32:36.892Z
340883,13.92,86.08,2448168,14464,2023-02-25T11:03:08.071Z
341532,13.95,86.05,2448168,14417,2023-02-25T11:32:19.273Z
344367,14.07,85.93,2448168,14503,2023-02-25T12:23:50.497Z
345647,14.12,85.88,2448168,14545,2023-02-25T13:13:33.619Z
346427,14.15,85.85,2448168,14513,2023-02-25T13:32:09.209Z
346166,14.14,85.86,2448168,14355,2023-02-25T14:13:26.223Z
344504,14.07,85.93,2448168,14317,2023-02-25T14:33:26.760Z
342861,14,86,2448168,14234,2023-02-25T15:12:38.784Z
343884,14.05,85.95,2448168,14174,2023-02-25T15:33:32.273Z
340914,13.93,86.07,2448168,14035,2023-02-25T16:12:38.460Z
338147,13.81,86.19,2448168,13862,2023-02-25T16:42:52.821Z
308361,12.6,87.4,2448168,13838,2023-02-25T17:12:44.904Z
296780,12.12,87.88,2448168,13743,2023-02-25T17:32:53.422Z
277919,11.35,88.65,2448168,13466,2023-02-25T18:13:03.302Z
272868,11.15,88.85,2448168,13572,2023-02-25T18:33:09.803Z
277172,11.32,88.68,2448168,13610,2023-02-25T19:02:57.868Z
284026,11.6,88.4,2448168,13672,2023-02-25T19:33:43.568Z
283924,11.6,88.4,2448168,13750,2023-02-25T20:12:37.753Z
284589,11.62,88.38,2448168,13714,2023-02-25T20:33:14.147Z
280375,11.45,88.55,2448168,13661,2023-02-25T21:13:33.045Z
280870,11.47,88.53,2448168,13562,2023-02-25T21:32:12.656Z
280776,11.47,88.53,2448168,13216,2023-02-25T22:13:09.379Z
280338,11.45,88.55,2448168,13235,2023-02-25T22:33:03.590Z
273590,11.18,88.82,2448168,13144,2023-02-25T23:13:02.694Z
270692,11.06,88.94,2448168,12952,2023-02-25T23:33:05.469Z
262981,10.74,89.26,2448168,12977,2023-02-26T00:03:02.316Z
261467,10.68,89.32,2448168,12964,2023-02-26T00:13:02.148Z
250566,10.23,89.77,2448168,12653,2023-02-26T01:13:01.565Z
247682,10.12,89.88,2448168,12600,2023-02-26T01:33:04.892Z
244106,9.97,90.03,2448168,12569,2023-02-26T01:43:05.432Z
237696,9.71,90.29,2448168,12555,2023-02-26T02:02:35.169Z
224368,9.16,90.84,2448168,12634,2023-02-26T02:53:33.830Z
221410,9.04,90.96,2448168,12640,2023-02-26T03:02:30.103Z
219505,8.97,91.03,2448168,12641,2023-02-26T03:32:49.930Z
217907,8.9,91.1,2448168,12656,2023-02-26T03:42:56.862Z
216020,8.82,91.18,2448168,12669,2023-02-26T04:13:04.336Z
218292,8.92,91.08,2448168,12628,2023-02-26T04:33:05.300Z
216565,8.85,91.15,2448168,12627,2023-02-26T04:43:58.759Z
215970,8.82,91.18,2448168,12625,2023-02-26T05:03:36.185Z
212754,8.69,91.31,2448168,12069,2023-02-26T05:23:06.075Z
213757,8.73,91.27,2448168,12071,2023-02-26T05:32:48.230Z
209982,8.58,91.42,2448168,11573,2023-02-26T06:12:29.700Z
209943,8.58,91.42,2448168,11574,2023-02-26T06:22:41.634Z
210247,8.59,91.41,2448168,11553,2023-02-26T06:43:06.727Z
210190,8.59,91.41,2448168,11556,2023-02-26T07:02:36.844Z
235956,9.64,90.36,2448168,12123,2023-02-26T07:23:33.859Z
235211,9.61,90.39,2448168,12155,2023-02-26T07:43:19.132Z
233376,9.53,90.47,2448168,12116,2023-02-26T08:12:29.136Z
229523,9.38,90.62,2448168,12117,2023-02-26T08:23:36.257Z
228093,9.32,90.68,2448168,12109,2023-02-26T08:42:34.726Z
227327,9.29,90.71,2448168,12095,2023-02-26T09:03:03.082Z
227292,9.28,90.72,2448168,12093,2023-02-26T09:24:07.525Z
227265,9.28,90.72,2448168,12089,2023-02-26T09:42:55.179Z
227100,9.28,90.72,2448168,12098,2023-02-26T10:02:38.288Z
226792,9.26,90.74,2448168,12100,2023-02-26T10:23:02.047Z
225852,9.23,90.77,2448168,12075,2023-02-26T10:42:56.733Z
225722,9.22,90.78,2448168,12045,2023-02-26T11:02:59.714Z
225593,9.21,90.79,2448168,12040,2023-02-26T11:22:33.019Z
225551,9.21,90.79,2448168,12040,2023-02-26T11:42:30.944Z
221474,9.05,90.95,2448168,12063,2023-02-26T12:12:30.618Z
222065,9.07,90.93,2448168,12093,2023-02-26T12:53:04.673Z
224861,9.18,90.82,2448168,12091,2023-02-26T13:23:01.787Z
225764,9.22,90.78,2448168,12111,2023-02-26T13:42:10.403Z
226250,9.24,90.76,2448168,12141,2023-02-26T14:03:46.594Z
224912,9.19,90.81,2448168,12177,2023-02-26T14:23:33.193Z
225260,9.2,90.8,2448168,12215,2023-02-26T14:42:57.525Z
225677,9.22,90.78,2448168,12241,2023-02-26T15:04:25.923Z
225945,9.23,90.77,2448168,12243,2023-02-26T15:23:30.857Z
226170,9.24,90.76,2448168,12229,2023-02-26T15:33:12.310Z
226437,9.25,90.75,2448168,12174,2023-02-26T16:13:29.394Z
226369,9.25,90.75,2448168,12185,2023-02-26T16:33:05.942Z
226607,9.26,90.74,2448168,12152,2023-02-26T16:43:00.331Z
225867,9.23,90.77,2448168,12091,2023-02-26T17:02:32.780Z
225752,9.22,90.78,2448168,12063,2023-02-26T17:23:46.407Z
225332,9.2,90.8,2448168,11993,2023-02-26T17:42:29.797Z
223083,9.11,90.89,2448168,11965,2023-02-26T18:13:13.992Z
219865,8.98,91.02,2448168,11935,2023-02-26T18:23:06.864Z
218049,8.91,91.09,2448168,11915,2023-02-26T18:43:09.938Z
216995,8.86,91.14,2448168,11906,2023-02-26T19:03:01.751Z
217912,8.9,91.1,2448168,11893,2023-02-26T19:22:31.939Z
215606,8.81,91.19,2448168,11903,2023-02-26T19:42:32.751Z
208904,8.53,91.47,2448168,11859,2023-02-26T20:03:07.712Z
208106,8.5,91.5,2448168,11509,2023-02-26T20:23:18.155Z
204048,8.33,91.67,2448168,11496,2023-02-26T20:43:31.828Z
204210,8.34,91.66,2448168,11434,2023-02-26T21:03:01.847Z
202935,8.29,91.71,2448168,11162,2023-02-26T21:23:42.971Z
198717,8.12,91.88,2448168,11101,2023-02-26T21:42:31.982Z
199351,8.14,91.86,2448168,11009,2023-02-26T22:03:07.365Z
191118,7.81,92.19,2448168,10591,2023-02-26T22:23:25.409Z
187857,7.67,92.33,2448168,10486,2023-02-26T22:42:57.252Z
186850,7.63,92.37,2448168,10147,2023-02-26T23:02:51.588Z
182542,7.46,92.54,2448168,10056,2023-02-26T23:22:56.367Z
179093,7.32,92.68,2448168,9883,2023-02-26T23:42:58.921Z
164303,6.71,93.29,2448168,9563,2023-02-27T00:54:00.335Z
144688,5.91,94.09,2448168,9248,2023-02-27T02:03:02.393Z
143023,5.84,94.16,2448168,9178,2023-02-27T02:23:25.764Z
123959,5.06,94.94,2448168,9051,2023-02-27T03:02:22.734Z
122123,4.99,95.01,2448168,9011,2023-02-27T03:32:27.047Z
121861,4.98,95.02,2448168,8816,2023-02-27T03:42:21.376Z
117622,4.8,95.2,2448168,8807,2023-02-27T04:12:55.823Z
117478,4.8,95.2,2448168,8780,2023-02-27T04:32:52.002Z
116286,4.75,95.25,2448168,8546,2023-02-27T04:42:30.778Z
114857,4.69,95.31,2448168,8265,2023-02-27T05:02:34.700Z
114595,4.68,95.32,2448168,8240,2023-02-27T05:22:28.689Z
111775,4.57,95.43,2448168,8214,2023-02-27T05:42:29.628Z
98684,4.03,95.97,2448168,8144,2023-02-27T06:12:57.485Z
98092,4.01,95.99,2448168,8142,2023-02-27T06:32:58.149Z
98179,4.01,95.99,2448168,8136,2023-02-27T06:42:36.184Z
96982,3.96,96.04,2448168,8141,2023-02-27T07:02:39.180Z
96285,3.93,96.07,2448168,8139,2023-02-27T07:23:25.790Z
95622,3.91,96.09,2448168,8136,2023-02-27T07:32:24.732Z
94406,3.86,96.14,2448168,8129,2023-02-27T08:12:58.182Z
94385,3.86,96.14,2448168,8127,2023-02-27T08:33:04.294Z
94366,3.85,96.15,2448168,8124,2023-02-27T08:42:54.586Z
94268,3.85,96.15,2448168,8116,2023-02-27T09:02:44.358Z
92764,3.79,96.21,2448168,8104,2023-02-27T09:23:22.917Z
90630,3.7,96.3,2448168,8110,2023-02-27T09:42:23.489Z
90746,3.71,96.29,2448168,8096,2023-02-27T10:12:54.500Z
90723,3.71,96.29,2448168,8106,2023-02-27T10:32:57.108Z
90705,3.71,96.29,2448168,8096,2023-02-27T10:43:23.684Z
90292,3.69,96.31,2448168,8050,2023-02-27T11:03:30.406Z
91076,3.72,96.28,2448168,8035,2023-02-27T11:22:55.773Z
91380,3.73,96.27,2448168,8032,2023-02-27T11:42:24.603Z
94186,3.85,96.15,2448168,8065,2023-02-27T12:23:01.780Z
95470,3.9,96.1,2448168,8145,2023-02-27T13:03:24.819Z
95961,3.92,96.08,2448168,8201,2023-02-27T13:33:33.625Z
96064,3.92,96.08,2448168,8244,2023-02-27T13:42:30.361Z
96525,3.94,96.06,2448168,8289,2023-02-27T14:03:09.039Z
96869,3.96,96.04,2448168,8272,2023-02-27T14:22:59.032Z
96159,3.93,96.07,2448168,8290,2023-02-27T14:42:26.736Z
96059,3.92,96.08,2448168,8321,2023-02-27T15:02:59.023Z
96813,3.95,96.05,2448168,8317,2023-02-27T15:32:59.426Z
97693,3.99,96.01,2448168,8252,2023-02-27T15:43:07.328Z
100047,4.09,95.91,2448168,7891,2023-02-27T16:12:43.937Z
99003,4.04,95.96,2448168,7774,2023-02-27T16:33:11.240Z
97934,4.0,96.0,2448168,7606,2023-02-27T17:02:40.194Z
101186,4.13,95.87,2448168,7539,2023-02-27T17:23:52.286Z
99298,4.06,95.94,2448168,7582,2023-02-27T17:32:59.822Z
97375,3.98,96.02,2448168,7623,2023-02-27T18:12:25.364Z
101082,4.13,95.87,2448168,7507,2023-02-27T18:32:01.435Z
101388,4.14,95.86,2448168,7494,2023-02-27T18:43:13.833Z
101746,4.16,95.84,2448168,7527,2023-02-27T19:03:01.892Z
108757,4.44,95.56,2448168,7615,2023-02-27T19:23:29.224Z
108378,4.43,95.57,2448168,7628,2023-02-27T19:43:02.227Z
106240,4.34,95.66,2448168,7687,2023-02-27T20:12:24.563Z
106201,4.34,95.66,2448168,7666,2023-02-27T20:23:38.728Z
109208,4.46,95.54,2448168,7708,2023-02-27T20:42:29.489Z
106630,4.36,95.64,2448168,7774,2023-02-27T21:02:59.535Z
110875,4.53,95.47,2448168,7821,2023-02-27T21:23:37.594Z
109490,4.47,95.53,2448168,7680,2023-02-27T21:43:08.085Z
108953,4.45,95.55,2448168,7562,2023-02-27T22:03:01.106Z
103677,4.23,95.77,2448168,7442,2023-02-27T22:22:56.409Z
103983,4.25,95.75,2448168,7428,2023-02-27T22:32:28.582Z
99779,4.08,95.92,2448168,7266,2023-02-27T23:02:34.595Z
99862,4.08,95.92,2448168,7204,2023-02-27T23:22:52.180Z
98773,4.03,95.97,2448168,7157,2023-02-27T23:42:49.150Z
96407,3.94,96.06,2448168,6988,2023-02-28T00:53:20.513Z
88085,3.6,96.4,2448168,6875,2023-02-28T02:03:03.181Z
86766,3.54,96.46,2448168,6857,2023-02-28T02:22:53.208Z
81364,3.32,96.68,2448168,6736,2023-02-28T02:52:56.867Z
80020,3.27,96.73,2448168,6738,2023-02-28T03:23:35.352Z
79714,3.26,96.74,2448168,6722,2023-02-28T03:33:00.666Z
73093,2.99,97.01,2448168,6700,2023-02-28T04:13:11.077Z
73251,2.99,97.01,2448168,6701,2023-02-28T04:33:24.437Z
73411,3.0,97.0,2448168,6667,2023-02-28T04:42:51.776Z
72992,2.98,97.02,2448168,6287,2023-02-28T05:02:21.702Z
72881,2.98,97.02,2448168,6274,2023-02-28T05:23:31.066Z
72940,2.98,97.02,2448168,6307,2023-02-28T05:43:20.713Z
73420,3.0,97.0,2448168,6358,2023-02-28T06:12:59.481Z
72102,2.95,97.05,2448168,6367,2023-02-28T06:32:51.023Z
71316,2.91,97.09,2448168,6331,2023-02-28T06:42:26.491Z
70669,2.89,97.11,2448168,6336,2023-02-28T07:02:49.286Z
70741,2.89,97.11,2448168,6334,2023-02-28T07:22:18.036Z
70499,2.88,97.12,2448168,6313,2023-02-28T07:42:23.443Z
70515,2.88,97.12,2448168,6305,2023-02-28T08:12:30.113Z
70707,2.89,97.11,2448168,6311,2023-02-28T08:32:26.682Z
71384,2.92,97.08,2448168,6329,2023-02-28T08:43:16.775Z
72610,2.97,97.03,2448168,6328,2023-02-28T09:02:29.776Z
71358,2.91,97.09,2448168,6337,2023-02-28T09:23:23.077Z
71375,2.92,97.08,2448168,6338,2023-02-28T09:32:23.814Z
72778,2.97,97.03,2448168,6476,2023-02-28T10:02:29.885Z
73364,3.0,97.0,2448168,6376,2023-02-28T10:32:27.488Z
75160,3.07,96.93,2448168,6369,2023-02-28T10:42:36.025Z
77726,3.17,96.83,2448168,6374,2023-02-28T11:03:11.418Z
78618,3.21,96.79,2448168,6372,2023-02-28T11:23:05.366Z
78768,3.22,96.78,2448168,6382,2023-02-28T11:42:27.419Z
78355,3.2,96.8,2448168,6400,2023-02-28T12:13:17.965Z
78420,3.2,96.8,2448168,6525,2023-02-28T13:02:49.208Z
78332,3.2,96.8,2448168,6578,2023-02-28T13:32:19.457Z
78305,3.2,96.8,2448168,6588,2023-02-28T13:43:00.590Z
77878,3.18,96.82,2448168,6589,2023-02-28T14:02:47.549Z
77420,3.16,96.84,2448168,6586,2023-02-28T14:23:04.622Z
77980,3.19,96.81,2448168,6450,2023-02-28T14:42:54.365Z
78456,3.2,96.8,2448168,6467,2023-02-28T15:02:01.787Z
80217,3.28,96.72,2448168,6821,2023-02-28T15:22:52.599Z
80556,3.29,96.71,2448168,6825,2023-02-28T15:42:51.656Z
81304,3.32,96.68,2448168,6819,2023-02-28T16:12:34.615Z
80847,3.3,96.7,2448168,6801,2023-02-28T16:33:24.154Z
81570,3.33,96.67,2448168,6784,2023-02-28T17:02:58.837Z
81339,3.32,96.68,2448168,6738,2023-02-28T17:22:52.470Z
80792,3.3,96.7,2448168,6741,2023-02-28T17:42:37.240Z
80077,3.27,96.73,2448168,6728,2023-02-28T18:13:12.677Z
73908,3.02,96.98,2448168,6636,2023-02-28T18:32:57.056Z
72992,2.98,97.02,2448168,6243,2023-02-28T18:42:53.677Z
71714,2.93,97.07,2448168,6134,2023-02-28T19:03:19.227Z
70871,2.89,97.11,2448168,6070,2023-02-28T19:23:01.032Z
69430,2.84,97.16,2448168,5993,2023-02-28T19:42:21.336Z
69665,2.85,97.15,2448168,5949,2023-02-28T20:03:05.776Z
67337,2.75,97.25,2448168,5890,2023-02-28T20:22:56.153Z
66061,2.7,97.3,2448168,5841,2023-02-28T20:42:44.838Z
64565,2.64,97.36,2448168,5697,2023-02-28T21:03:20.633Z
64372,2.63,97.37,2448168,5653,2023-02-28T21:22:49.464Z
64331,2.63,97.37,2448168,5581,2023-02-28T21:42:48.117Z
62574,2.56,97.44,2448168,5461,2023-02-28T22:03:09.652Z
61819,2.53,97.47,2448168,5401,2023-02-28T22:22:53.820Z
60311,2.46,97.54,2448168,5293,2023-02-28T22:42:36.321Z
59628,2.44,97.56,2448168,5210,2023-02-28T23:02:27.192Z
56336,2.3,97.7,2448168,5131,2023-02-28T23:23:49.507Z
55060,2.25,97.75,2448168,5054,2023-02-28T23:42:36.163Z
45999,1.88,98.12,2448168,4769,2023-03-01T01:03:23.840Z
38059,1.55,98.45,2448168,4464,2023-03-01T02:42:27.086Z
33887,1.38,98.62,2448168,4384,2023-03-01T03:22:49.567Z
32326,1.32,98.68,2448168,4331,2023-03-01T03:43:20.296Z
31573,1.29,98.71,2448168,4303,2023-03-01T04:13:02.040Z
31776,1.3,98.7,2448168,4296,2023-03-01T04:32:29.448Z
31644,1.29,98.71,2448168,4279,2023-03-01T04:44:02.061Z
31272,1.28,98.72,2448168,4025,2023-03-01T05:02:38.446Z
31281,1.28,98.72,2448168,4029,2023-03-01T05:22:53.402Z
31284,1.28,98.72,2448168,4023,2023-03-01T05:42:44.462Z
31281,1.28,98.72,2448168,4005,2023-03-01T06:12:20.081Z
30242,1.24,98.76,2448168,4003,2023-03-01T06:32:49.706Z
30244,1.24,98.76,2448168,4005,2023-03-01T06:42:08.178Z
30264,1.24,98.76,2448168,4005,2023-03-01T07:02:20.426Z
30264,1.24,98.76,2448168,4002,2023-03-01T07:23:21.853Z
30258,1.24,98.76,2448168,3998,2023-03-01T07:42:17.621Z
38346,1.57,98.43,2448168,4085,2023-03-01T08:13:21.101Z
40454,1.65,98.35,2448168,4097,2023-03-01T08:32:51.657Z
40588,1.66,98.34,2448168,4076,2023-03-01T08:43:27.842Z
40791,1.67,98.33,2448168,4067,2023-03-01T09:02:58.811Z
37600,1.54,98.46,2448168,4070,2023-03-01T09:23:02.834Z
37612,1.54,98.46,2448168,4076,2023-03-01T09:42:47.036Z
37667,1.54,98.46,2448168,4076,2023-03-01T10:12:36.833Z
37838,1.55,98.45,2448168,4085,2023-03-01T10:33:07.112Z
37508,1.53,98.47,2448168,4088,2023-03-01T10:43:06.754Z
37089,1.51,98.49,2448168,4023,2023-03-01T11:03:19.334Z
35577,1.45,98.55,2448168,4032,2023-03-01T11:22:48.451Z
36709,1.5,98.5,2448168,4034,2023-03-01T11:42:57.450Z
36701,1.5,98.5,2448168,4031,2023-03-01T12:12:46.519Z
33914,1.39,98.61,2448168,4030,2023-03-01T13:02:19.310Z
31428,1.28,98.72,2448168,4020,2023-03-01T13:32:54.149Z
32580,1.33,98.67,2448168,4021,2023-03-01T14:02:22.001Z
31018,1.27,98.73,2448168,4031,2023-03-01T14:23:01.936Z
30872,1.26,98.74,2448168,4017,2023-03-01T14:32:53.939Z
30374,1.24,98.76,2448168,3971,2023-03-01T15:03:04.745Z
31195,1.27,98.73,2448168,3953,2023-03-01T15:23:34.018Z
31368,1.28,98.72,2448168,3921,2023-03-01T15:42:32.957Z
30321,1.24,98.76,2448168,3879,2023-03-01T16:12:52.399Z
29032,1.19,98.81,2448168,3867,2023-03-01T16:32:09.848Z
26255,1.07,98.93,2448168,3744,2023-03-01T17:02:44.478Z
24211,0.99,99.01,2448168,3693,2023-03-01T17:22:18.852Z
23710,0.97,99.03,2448168,3667,2023-03-01T17:42:17.142Z
22492,0.92,99.08,2448168,3605,2023-03-01T18:12:49.100Z
22241,0.91,99.09,2448168,3570,2023-03-01T18:33:57.135Z
21881,0.9,99.1,2448168,3537,2023-03-01T18:43:06.276Z
21142,0.87,99.13,2448168,3488,2023-03-01T19:03:04.280Z
21056,0.87,99.13,2448168,3447,2023-03-01T19:22:46.732Z
21008,0.86,99.14,2448168,3411,2023-03-01T19:42:17.673Z
20682,0.85,99.15,2448168,3380,2023-03-01T20:03:02.309Z
24982,1.02,98.98,2448168,3348,2023-03-01T20:22:41.586Z
25178,1.03,98.97,2448168,3337,2023-03-01T20:42:28.782Z
22723,0.93,99.07,2448168,3397,2023-03-01T21:02:23.737Z
22935,0.94,99.06,2448168,3398,2023-03-01T21:22:52.812Z
22624,0.93,99.07,2448168,3397,2023-03-01T21:33:06.546Z
23262,0.96,99.04,2448168,3084,2023-03-01T22:03:13.455Z
22904,0.94,99.06,2448168,3022,2023-03-01T22:22:54.098Z
22787,0.94,99.06,2448168,2980,2023-03-01T22:42:54.347Z
22611,0.93,99.07,2448168,2950,2023-03-01T23:03:01.667Z
19783,0.81,99.19,2448168,2857,2023-03-01T23:22:57.173Z
20244,0.83,99.17,2448168,2800,2023-03-01T23:52:23.474Z
20009,0.82,99.18,2448168,2778,2023-03-02T00:02:27.414Z
20454,0.84,99.16,2448168,2756,2023-03-02T00:11:59.363Z
20192,0.83,99.17,2448168,2688,2023-03-02T01:02:23.742Z
15060,0.62,99.38,2448168,2418,2023-03-02T02:33:10.706Z
15497,0.64,99.36,2448168,2374,2023-03-02T03:02:30.788Z
15118,0.62,99.38,2448168,2320,2023-03-02T03:32:20.260Z
14372,0.59,99.41,2448168,2317,2023-03-02T03:42:50.030Z
14347,0.59,99.41,2448168,2319,2023-03-02T04:12:54.779Z
14346,0.59,99.41,2448168,2298,2023-03-02T04:33:03.407Z
14335,0.59,99.41,2448168,2288,2023-03-02T04:42:46.246Z
14305,0.59,99.41,2448168,2278,2023-03-02T05:03:00.252Z
14240,0.59,99.41,2448168,2272,2023-03-02T05:23:21.187Z
14201,0.59,99.41,2448168,2267,2023-03-02T05:42:42.362Z
14134,0.58,99.42,2448168,2259,2023-03-02T06:12:19.878Z
14100,0.58,99.42,2448168,2255,2023-03-02T06:32:20.652Z
14098,0.58,99.42,2448168,2255,2023-03-02T06:42:09.936Z
14064,0.58,99.42,2448168,2252,2023-03-02T07:02:17.468Z
14028,0.58,99.42,2448168,2252,2023-03-02T07:22:21.152Z
13793,0.57,99.43,2448168,2243,2023-03-02T07:41:54.620Z
13757,0.57,99.43,2448168,2238,2023-03-02T08:12:42.709Z
13740,0.57,99.43,2448168,2236,2023-03-02T08:31:59.642Z
13725,0.57,99.43,2448168,2234,2023-03-02T08:43:23.298Z
13507,0.56,99.44,2448168,2234,2023-03-02T09:02:20.980Z
13504,0.56,99.44,2448168,2234,2023-03-02T09:22:58.581Z
13513,0.56,99.44,2448168,2235,2023-03-02T09:33:14.976Z
13495,0.56,99.44,2448168,2235,2023-03-02T10:02:53.967Z
13465,0.56,99.44,2448168,2222,2023-03-02T10:32:19.414Z
13472,0.56,99.44,2448168,2223,2023-03-02T10:42:55.825Z
13048,0.54,99.46,2448168,2199,2023-03-02T11:02:53.906Z
13048,0.54,99.46,2448168,2174,2023-03-02T11:23:57.889Z
13035,0.54,99.46,2448168,2173,2023-03-02T11:43:08.679Z
12966,0.53,99.47,2448168,2171,2023-03-02T12:13:12.782Z
11942,0.49,99.51,2448168,2175,2023-03-02T13:02:26.534Z
11934,0.49,99.51,2448168,2178,2023-03-02T13:32:16.644Z
11954,0.49,99.51,2448168,2191,2023-03-02T14:02:47.235Z
11953,0.49,99.51,2448168,2197,2023-03-02T14:22:44.088Z
12244,0.51,99.49,2448168,2230,2023-03-02T14:42:16.119Z
11897,0.49,99.51,2448168,2192,2023-03-02T15:02:30.607Z
11770,0.49,99.51,2448168,2173,2023-03-02T15:22:49.661Z
11569,0.48,99.52,2448168,2162,2023-03-02T15:42:20.004Z
11331,0.47,99.53,2448168,2125,2023-03-02T16:14:22.444Z
11554,0.48,99.52,2448168,2088,2023-03-02T16:41:57.460Z
11413,0.47,99.53,2448168,2049,2023-03-02T17:03:04.241Z
11361,0.47,99.53,2448168,2012,2023-03-02T17:22:20.884Z
11849,0.49,99.51,2448168,1940,2023-03-02T17:42:35.352Z
11316,0.47,99.53,2448168,1918,2023-03-02T18:12:22.099Z
10969,0.45,99.55,2448168,1884,2023-03-02T18:32:00.223Z
10893,0.45,99.55,2448168,1872,2023-03-02T18:42:17.661Z
10310,0.43,99.57,2448168,1851,2023-03-02T19:03:01.051Z
10129,0.42,99.58,2448168,1806,2023-03-02T19:22:52.066Z
10116,0.42,99.58,2448168,1797,2023-03-02T19:42:46.849Z
9499,0.39,99.61,2448168,1788,2023-03-02T20:12:13.092Z
9461,0.39,99.61,2448168,1774,2023-03-02T20:23:05.855Z
9189,0.38,99.62,2448168,1763,2023-03-02T20:42:04.235Z
8296,0.34,99.66,2448168,1723,2023-03-02T21:02:25.701Z
8321,0.34,99.66,2448168,1697,2023-03-02T21:23:20.927Z
8354,0.35,99.65,2448168,1675,2023-03-02T21:41:50.404Z
7939,0.33,99.67,2448168,1599,2023-03-02T22:02:26.924Z
8146,0.34,99.66,2448168,1574,2023-03-02T22:22:43.876Z
8147,0.34,99.66,2448168,1563,2023-03-02T22:42:17.570Z
8015,0.33,99.67,2448168,1557,2023-03-02T23:02:24.401Z
6086,0.25,99.75,2448168,1274,2023-03-03T01:32:54.702Z
3867,0.16,99.84,2448168,1097,2023-03-03T02:42:48.204Z
2988,0.13,99.87,2448168,1053,2023-03-03T04:22:17.596Z
2854,0.12,99.88,2448168,1041,2023-03-03T05:03:26.094Z
2795,0.12,99.88,2448168,1036,2023-03-03T05:23:14.230Z
2797,0.12,99.88,2448168,1034,2023-03-03T05:32:19.746Z
2823,0.12,99.88,2448168,1030,2023-03-03T06:12:46.052Z
2821,0.12,99.88,2448168,1028,2023-03-03T06:22:47.777Z
2824,0.12,99.88,2448168,1031,2023-03-03T06:34:10.502Z
2814,0.12,99.88,2448168,1021,2023-03-03T07:02:42.822Z
2814,0.12,99.88,2448168,1021,2023-03-03T07:23:28.933Z
2814,0.12,99.88,2448168,1021,2023-03-03T07:31:57.221Z
2812,0.12,99.88,2448168,1021,2023-03-03T08:12:15.223Z
2813,0.12,99.88,2448168,1022,2023-03-03T08:32:37.933Z
2808,0.12,99.88,2448168,1018,2023-03-03T08:42:47.380Z
2783,0.12,99.88,2448168,1009,2023-03-03T09:02:51.869Z
2726,0.12,99.88,2448168,985,2023-03-03T09:23:39.982Z
2690,0.11,99.89,2448168,965,2023-03-03T09:43:01.832Z
2638,0.11,99.89,2448168,957,2023-03-03T10:02:28.104Z
2624,0.11,99.89,2448168,956,2023-03-03T10:22:23.372Z
2641,0.11,99.89,2448168,956,2023-03-03T10:42:44.798Z
2522,0.11,99.89,2448168,951,2023-03-03T11:02:17.100Z
2365,0.1,99.9,2448168,943,2023-03-03T11:23:16.137Z
2382,0.1,99.9,2448168,955,2023-03-03T11:42:51.414Z
2335,0.1,99.9,2448168,939,2023-03-03T12:12:45.599Z
2235,0.1,99.9,2448168,917,2023-03-03T12:53:18.200Z
2194,0.09,99.91,2448168,915,2023-03-03T13:23:10.841Z
2078,0.09,99.91,2448168,893,2023-03-03T13:42:52.105Z
2050,0.09,99.91,2448168,896,2023-03-03T14:02:47.857Z
2051,0.09,99.91,2448168,902,2023-03-03T14:22:58.047Z
1987,0.09,99.91,2448168,899,2023-03-03T14:42:45.727Z
2009,0.09,99.91,2448168,895,2023-03-03T15:11:59.225Z
2005,0.09,99.91,2448168,892,2023-03-03T15:23:42.472Z
2046,0.09,99.91,2448168,887,2023-03-03T15:42:47.350Z
2214,0.1,99.9,2448168,891,2023-03-03T16:13:18.482Z
2201,0.09,99.91,2448168,888,2023-03-03T16:32:17.792Z
2231,0.1,99.9,2448168,880,2023-03-03T16:42:42.621Z
2684,0.11,99.89,2448168,886,2023-03-03T17:02:39.076Z
2361,0.1,99.9,2448168,873,2023-03-03T17:22:57.841Z
2906,0.12,99.88,2448168,865,2023-03-03T17:43:14.087Z
2349,0.1,99.9,2448168,861,2023-03-03T18:13:16.086Z
2406,0.1,99.9,2448168,875,2023-03-03T18:23:13.750Z
2392,0.1,99.9,2448168,853,2023-03-03T18:42:15.986Z
2315,0.1,99.9,2448168,854,2023-03-03T19:02:46.156Z
2215,0.1,99.9,2448168,825,2023-03-03T19:22:39.241Z
13655,0.56,99.44,2448168,813,2023-03-03T19:42:43.975Z
2254,0.1,99.9,2448168,825,2023-03-03T20:03:25.889Z
2309,0.1,99.9,2448168,836,2023-03-03T20:22:45.379Z
2235,0.1,99.9,2448168,839,2023-03-03T20:42:46.420Z
2173,0.09,99.91,2448168,832,2023-03-03T21:02:54.151Z
4649,0.19,99.81,2448168,835,2023-03-03T21:22:16.381Z
2723,0.12,99.88,2448168,833,2023-03-03T21:42:49.167Z
3071,0.13,99.87,2448168,900,2023-03-03T22:02:54.989Z
4188,0.18,99.82,2448168,1002,2023-03-03T22:22:59.817Z
25485,1.04,98.96,2448168,1623,2023-03-03T22:41:49.380Z
66447,2.71,97.29,2448168,2184,2023-03-03T23:03:02.739Z
145457,5.94,94.06,2448168,3330,2023-03-03T23:23:03.894Z
171948,7.02,92.98,2448168,3959,2023-03-03T23:32:54.101Z
154567,6.31,93.69,2448168,4042,2023-03-04T00:33:34.421Z
162154,6.62,93.38,2448168,4124,2023-03-04T00:53:58.299Z
232320,9.49,90.51,2448168,5334,2023-03-04T02:13:16.404Z
253235,10.34,89.66,2448168,5950,2023-03-04T02:52:57.991Z
266727,10.89,89.11,2448168,6298,2023-03-04T03:12:42.656Z
272044,11.11,88.89,2448168,6562,2023-03-04T03:22:57.628Z
295809,12.08,87.92,2448168,6947,2023-03-04T03:42:57.487Z
303968,12.42,87.58,2448168,7135,2023-03-04T04:03:40.960Z
309397,12.64,87.36,2448168,7170,2023-03-04T04:12:31.129Z
314349,12.84,87.16,2448168,7229,2023-03-04T04:23:05.939Z
317957,12.99,87.01,2448168,7157,2023-03-04T04:43:11.674Z
312716,12.77,87.23,2448168,7303,2023-03-04T05:03:04.131Z
319275,13.04,86.96,2448168,7442,2023-03-04T05:22:41.288Z
319583,13.05,86.95,2448168,7544,2023-03-04T05:43:06.018Z
320389,13.09,86.91,2448168,7530,2023-03-04T06:12:34.714Z
320411,13.09,86.91,2448168,7532,2023-03-04T06:32:32.510Z
320432,13.09,86.91,2448168,7552,2023-03-04T06:42:32.816Z
322173,13.16,86.84,2448168,7569,2023-03-04T07:02:49.967Z
321444,13.13,86.87,2448168,7621,2023-03-04T07:23:28.938Z
324474,13.25,86.75,2448168,7678,2023-03-04T07:42:47.863Z
327299,13.37,86.63,2448168,7694,2023-03-04T08:13:26.939Z
327858,13.39,86.61,2448168,7703,2023-03-04T08:23:12.748Z
329920,13.48,86.52,2448168,7682,2023-03-04T08:42:51.067Z
330818,13.51,86.49,2448168,7698,2023-03-04T09:03:38.306Z
331703,13.55,86.45,2448168,7702,2023-03-04T09:23:19.672Z
327863,13.39,86.61,2448168,7742,2023-03-04T09:43:31.334Z
326345,13.33,86.67,2448168,7796,2023-03-04T10:03:56.486Z
323850,13.23,86.77,2448168,7813,2023-03-04T10:23:08.257Z
323530,13.22,86.78,2448168,7799,2023-03-04T10:42:11.440Z
323202,13.2,86.8,2448168,7846,2023-03-04T11:03:06.057Z
319296,13.04,86.96,2448168,7706,2023-03-04T11:13:05.399Z
317841,12.98,87.02,2448168,7773,2023-03-04T11:42:38.855Z
322687,13.18,86.82,2448168,7821,2023-03-04T12:12:54.035Z
320138,13.08,86.92,2448168,8026,2023-03-04T12:43:05.100Z
323178,13.2,86.8,2448168,8182,2023-03-04T13:12:39.505Z
323352,13.21,86.79,2448168,8303,2023-03-04T13:23:16.277Z
320039,13.07,86.93,2448168,8333,2023-03-04T13:43:35.163Z
322366,13.17,86.83,2448168,8293,2023-03-04T14:03:23.276Z
327526,13.38,86.62,2448168,8378,2023-03-04T14:22:35.588Z
332855,13.6,86.4,2448168,8394,2023-03-04T14:42:33.163Z
333118,13.61,86.39,2448168,8361,2023-03-04T15:03:40.008Z
329285,13.45,86.55,2448168,8441,2023-03-04T15:23:20.175Z
334915,13.68,86.32,2448168,8470,2023-03-04T15:43:28.885Z
328206,13.41,86.59,2448168,8496,2023-03-04T16:13:08.397Z
331840,13.55,86.45,2448168,8515,2023-03-04T16:33:36.262Z
331976,13.56,86.44,2448168,8565,2023-03-04T16:42:34.596Z
329791,13.47,86.53,2448168,8360,2023-03-04T17:02:47.582Z
331624,13.55,86.45,2448168,8305,2023-03-04T17:23:04.929Z
328793,13.43,86.57,2448168,8381,2023-03-04T17:42:30.335Z
328703,13.43,86.57,2448168,8420,2023-03-04T18:03:12.349Z
327943,13.4,86.6,2448168,8410,2023-03-04T18:23:38.375Z
328199,13.41,86.59,2448168,8428,2023-03-04T18:42:33.274Z
327115,13.36,86.64,2448168,8379,2023-03-04T19:02:30.942Z
323248,13.2,86.8,2448168,8333,2023-03-04T19:22:29.290Z
320534,13.09,86.91,2448168,8179,2023-03-04T19:43:16.825Z
317247,12.96,87.04,2448168,8198,2023-03-04T20:02:38.789Z
307510,12.56,87.44,2448168,8174,2023-03-04T20:23:17.074Z
303769,12.41,87.59,2448168,8174,2023-03-04T20:42:49.564Z
305618,12.48,87.52,2448168,8182,2023-03-04T21:03:06.811Z
298886,12.21,87.79,2448168,8138,2023-03-04T21:22:45.717Z
297529,12.15,87.85,2448168,8133,2023-03-04T21:42:31.963Z
287178,11.73,88.27,2448168,8071,2023-03-04T22:02:28.254Z
278634,11.38,88.62,2448168,7954,2023-03-04T22:23:03.287Z
274593,11.22,88.78,2448168,7955,2023-03-04T22:33:04.659Z
254216,10.38,89.62,2448168,7918,2023-03-04T23:03:58.940Z
250514,10.23,89.77,2448168,7927,2023-03-04T23:23:02.410Z
250808,10.24,89.76,2448168,7725,2023-03-04T23:42:32.998Z
217247,8.87,91.13,2448168,7581,2023-03-05T01:02:54.666Z
186467,7.62,92.38,2448168,7454,2023-03-05T02:43:01.941Z
177358,7.24,92.76,2448168,7434,2023-03-05T03:22:30.277Z
176151,7.2,92.8,2448168,7424,2023-03-05T03:43:01.312Z
171033,6.99,93.01,2448168,7369,2023-03-05T04:12:32.411Z
170865,6.98,93.02,2448168,7366,2023-03-05T04:33:06.615Z
170676,6.97,93.03,2448168,7356,2023-03-05T04:43:03.130Z
169077,6.91,93.09,2448168,7104,2023-03-05T05:02:30.113Z
169074,6.91,93.09,2448168,7100,2023-03-05T05:22:58.668Z
168910,6.9,93.1,2448168,7101,2023-03-05T05:33:15.088Z
165645,6.77,93.23,2448168,7054,2023-03-05T06:12:59.883Z
165460,6.76,93.24,2448168,7053,2023-03-05T06:24:38.971Z
164553,6.72,93.28,2448168,7053,2023-03-05T06:42:48.200Z
164546,6.72,93.28,2448168,7054,2023-03-05T07:03:12.269Z
164063,6.7,93.3,2448168,7043,2023-03-05T07:23:08.353Z
157963,6.45,93.55,2448168,7041,2023-03-05T07:42:40.326Z
157426,6.43,93.57,2448168,6997,2023-03-05T08:12:13.757Z
157383,6.43,93.57,2448168,7000,2023-03-05T08:22:57.978Z
157180,6.42,93.58,2448168,6981,2023-03-05T08:42:25.307Z
156269,6.38,93.62,2448168,6961,2023-03-05T09:02:56.824Z
156469,6.39,93.61,2448168,6961,2023-03-05T09:23:00.034Z
152975,6.25,93.75,2448168,6965,2023-03-05T09:43:03.675Z
153010,6.25,93.75,2448168,6962,2023-03-05T10:03:41.400Z
152844,6.24,93.76,2448168,6963,2023-03-05T10:23:30.865Z
151155,6.17,93.83,2448168,6937,2023-03-05T10:42:59.568Z
153412,6.27,93.73,2448168,6933,2023-03-05T11:02:48.490Z
148466,6.06,93.94,2448168,6935,2023-03-05T11:22:57.047Z
148372,6.06,93.94,2448168,6938,2023-03-05T11:42:34.216Z
145345,5.94,94.06,2448168,6962,2023-03-05T12:13:06.253Z
145361,5.94,94.06,2448168,6995,2023-03-05T12:42:43.383Z
143326,5.85,94.15,2448168,7020,2023-03-05T13:12:59.759Z
142289,5.81,94.19,2448168,7067,2023-03-05T13:22:41.069Z
143179,5.85,94.15,2448168,7109,2023-03-05T13:42:26.854Z
143993,5.88,94.12,2448168,7127,2023-03-05T14:03:06.751Z
143719,5.87,94.13,2448168,7091,2023-03-05T14:23:00.857Z
142347,5.81,94.19,2448168,7066,2023-03-05T14:43:01.471Z
145425,5.94,94.06,2448168,7064,2023-03-05T15:03:28.698Z
146793,6,94,2448168,7025,2023-03-05T15:23:04.045Z
141917,5.8,94.2,2448168,6943,2023-03-05T15:43:11.828Z
140650,5.75,94.25,2448168,6806,2023-03-05T16:03:32.766Z
135743,5.54,94.46,2448168,6661,2023-03-05T16:33:06.279Z
135677,5.54,94.46,2448168,6623,2023-03-05T16:42:52.797Z
125849,5.14,94.86,2448168,6154,2023-03-05T17:02:59.967Z
121584,4.97,95.03,2448168,6093,2023-03-05T17:22:23.673Z
120796,4.93,95.07,2448168,6068,2023-03-05T17:42:47.743Z
117536,4.8,95.2,2448168,5977,2023-03-05T18:12:28.570Z
115649,4.72,95.28,2448168,5950,2023-03-05T18:23:08.700Z
110624,4.52,95.48,2448168,5878,2023-03-05T18:42:27.531Z
109427,4.47,95.53,2448168,5815,2023-03-05T19:03:33.132Z
108894,4.45,95.55,2448168,5738,2023-03-05T19:22:31.760Z
104105,4.25,95.75,2448168,5636,2023-03-05T19:42:46.232Z
100585,4.11,95.89,2448168,5563,2023-03-05T20:03:25.751Z
105118,4.29,95.71,2448168,5480,2023-03-05T20:23:04.440Z
98806,4.04,95.96,2448168,6041,2023-03-05T20:42:51.911Z
97129,3.97,96.03,2448168,5295,2023-03-05T21:03:01.960Z
96548,3.94,96.06,2448168,5220,2023-03-05T21:23:37.582Z
95862,3.92,96.08,2448168,5167,2023-03-05T21:33:02.754Z
78461,3.2,96.8,2448168,5034,2023-03-05T22:02:54.194Z
76157,3.11,96.89,2448168,4829,2023-03-05T22:24:27.071Z
73607,3.01,96.99,2448168,4728,2023-03-05T22:42:52.896Z
72921,2.98,97.02,2448168,4625,2023-03-05T23:03:07.704Z
71050,2.9,97.1,2448168,4448,2023-03-05T23:24:49.050Z
67770,2.77,97.23,2448168,4370,2023-03-05T23:42:20.635Z
55781,2.28,97.72,2448168,3893,2023-03-06T00:53:05.222Z
44803,1.83,98.17,2448168,3479,2023-03-06T02:23:07.302Z
44056,1.8,98.2,2448168,3377,2023-03-06T03:02:46.166Z
43029,1.76,98.24,2448168,3350,2023-03-06T03:33:16.821Z
41967,1.71,98.29,2448168,3350,2023-03-06T03:43:52.094Z
38374,1.57,98.43,2448168,3317,2023-03-06T04:12:40.994Z
38349,1.57,98.43,2448168,3304,2023-03-06T04:32:54.948Z
38345,1.57,98.43,2448168,3300,2023-03-06T04:43:00.627Z
37883,1.55,98.45,2448168,3299,2023-03-06T05:02:36.201Z
37867,1.55,98.45,2448168,3288,2023-03-06T05:23:00.394Z
37860,1.55,98.45,2448168,3285,2023-03-06T05:42:20.646Z
37637,1.54,98.46,2448168,3279,2023-03-06T06:12:19.761Z
37642,1.54,98.46,2448168,3274,2023-03-06T06:33:03.057Z
38074,1.56,98.44,2448168,3273,2023-03-06T06:42:31.323Z
37584,1.54,98.46,2448168,3265,2023-03-06T07:03:19.356Z
38989,1.59,98.41,2448168,3259,2023-03-06T07:22:34.028Z
38983,1.59,98.41,2448168,3255,2023-03-06T07:42:20.548Z
39238,1.6,98.4,2448168,3251,2023-03-06T08:12:56.691Z
39236,1.6,98.4,2448168,3249,2023-03-06T08:32:43.337Z
39239,1.6,98.4,2448168,3252,2023-03-06T08:42:57.492Z
38265,1.56,98.44,2448168,3250,2023-03-06T09:02:02.382Z
38058,1.55,98.45,2448168,3249,2023-03-06T09:23:18.131Z
38060,1.55,98.45,2448168,3252,2023-03-06T09:42:46.999Z
37930,1.55,98.45,2448168,3248,2023-03-06T10:12:22.083Z
38515,1.57,98.43,2448168,3246,2023-03-06T10:32:57.609Z
37981,1.55,98.45,2448168,3249,2023-03-06T10:43:16.960Z
38186,1.56,98.44,2448168,3249,2023-03-06T11:02:26.666Z
36527,1.49,98.51,2448168,3255,2023-03-06T11:22:49.995Z
35513,1.45,98.55,2448168,3252,2023-03-06T11:42:28.582Z
34163,1.4,98.6,2448168,3244,2023-03-06T12:13:10.961Z
31389,1.28,98.72,2448168,3056,2023-03-06T13:03:01.334Z
30972,1.27,98.73,2448168,3068,2023-03-06T13:22:48.444Z
35319,1.44,98.56,2448168,3100,2023-03-06T13:42:41.779Z
30209,1.23,98.77,2448168,3126,2023-03-06T14:02:18.294Z
30298,1.24,98.76,2448168,3123,2023-03-06T14:22:22.105Z
29936,1.22,98.78,2448168,3105,2023-03-06T14:42:52.339Z
29269,1.2,98.8,2448168,3093,2023-03-06T15:02:23.045Z
29602,1.21,98.79,2448168,3060,2023-03-06T15:23:07.998Z
27896,1.14,98.86,2448168,2989,2023-03-06T15:43:10.038Z
26144,1.07,98.93,2448168,2897,2023-03-06T16:13:24.084Z
25018,1.02,98.98,2448168,2848,2023-03-06T16:32:56.718Z
25302,1.03,98.97,2448168,2794,2023-03-06T17:03:34.432Z
25745,1.05,98.95,2448168,2764,2023-03-06T17:21:49.407Z
24389,1,99,2448168,2710,2023-03-06T17:42:12.495Z
23996,0.99,99.01,2448168,2622,2023-03-06T18:12:22.708Z
22649,0.93,99.07,2448168,2564,2023-03-06T18:32:56.733Z
22585,0.93,99.07,2448168,2544,2023-03-06T18:42:19.902Z
22142,0.91,99.09,2448168,2513,2023-03-06T19:02:03.841Z
22154,0.91,99.09,2448168,2465,2023-03-06T19:22:52.955Z
21865,0.9,99.1,2448168,2423,2023-03-06T19:41:58.765Z
21223,0.87,99.13,2448168,2375,2023-03-06T20:02:54.062Z
20361,0.84,99.16,2448168,2308,2023-03-06T20:22:15.109Z
19108,0.79,99.21,2448168,2258,2023-03-06T20:42:49.524Z
17498,0.72,99.28,2448168,2176,2023-03-06T21:03:02.790Z
17208,0.71,99.29,2448168,2134,2023-03-06T21:22:50.063Z
16619,0.68,99.32,2448168,2133,2023-03-06T21:42:51.971Z
16524,0.68,99.32,2448168,2106,2023-03-06T22:02:41.512Z
16164,0.67,99.33,2448168,2138,2023-03-06T22:22:56.187Z
16452,0.68,99.32,2448168,2144,2023-03-06T22:42:26.932Z
16471,0.68,99.32,2448168,2096,2023-03-06T23:02:36.807Z
15957,0.66,99.34,2448168,2013,2023-03-06T23:22:48.437Z
16038,0.66,99.34,2448168,1964,2023-03-06T23:42:18.659Z
13204,0.54,99.46,2448168,1849,2023-03-07T01:01:52.302Z
8771,0.36,99.64,2448168,1568,2023-03-07T02:42:32.235Z
7664,0.32,99.68,2448168,1469,2023-03-07T03:23:14.124Z
7474,0.31,99.69,2448168,1435,2023-03-07T03:42:44.316Z
7448,0.31,99.69,2448168,1419,2023-03-07T04:12:46.599Z
6898,0.29,99.71,2448168,1415,2023-03-07T04:32:55.229Z
7024,0.29,99.71,2448168,1410,2023-03-07T04:42:50.167Z
6724,0.28,99.72,2448168,1407,2023-03-07T05:02:22.714Z
6718,0.28,99.72,2448168,1410,2023-03-07T05:22:13.922Z
6493,0.27,99.73,2448168,1410,2023-03-07T05:32:43.831Z
6494,0.27,99.73,2448168,1411,2023-03-07T06:13:03.515Z
6524,0.27,99.73,2448168,1407,2023-03-07T06:32:49.315Z
6529,0.27,99.73,2448168,1414,2023-03-07T06:42:20.173Z
6552,0.27,99.73,2448168,1412,2023-03-07T07:02:29.979Z
6623,0.28,99.72,2448168,1414,2023-03-07T07:22:23.504Z
6742,0.28,99.72,2448168,1414,2023-03-07T07:42:13.200Z
6744,0.28,99.72,2448168,1415,2023-03-07T08:12:47.867Z
6748,0.28,99.72,2448168,1417,2023-03-07T08:33:07.031Z
9544,0.39,99.61,2448168,1417,2023-03-07T08:42:31.264Z
6753,0.28,99.72,2448168,1424,2023-03-07T09:12:12.145Z
6754,0.28,99.72,2448168,1425,2023-03-07T09:23:24.375Z
6742,0.28,99.72,2448168,1413,2023-03-07T09:42:19.301Z
6752,0.28,99.72,2448168,1409,2023-03-07T10:02:35.677Z
6544,0.27,99.73,2448168,1393,2023-03-07T10:32:05.439Z
6537,0.27,99.73,2448168,1391,2023-03-07T10:43:01.532Z
6792,0.28,99.72,2448168,1398,2023-03-07T11:01:34.598Z
6777,0.28,99.72,2448168,1403,2023-03-07T11:22:50.673Z
6486,0.27,99.73,2448168,1404,2023-03-07T11:42:22.044Z
5785,0.24,99.76,2448168,1397,2023-03-07T12:12:24.220Z
5723,0.24,99.76,2448168,1405,2023-03-07T13:02:53.899Z
6003,0.25,99.75,2448168,1410,2023-03-07T13:32:04.663Z
6217,0.26,99.74,2448168,1406,2023-03-07T13:43:35.007Z
6248,0.26,99.74,2448168,1407,2023-03-07T14:02:49.173Z
6286,0.26,99.74,2448168,1407,2023-03-07T14:22:54.858Z
6308,0.26,99.74,2448168,1380,2023-03-07T14:42:49.691Z
5983,0.25,99.75,2448168,1366,2023-03-07T15:02:52.158Z
5984,0.25,99.75,2448168,1367,2023-03-07T15:23:20.562Z
5962,0.25,99.75,2448168,1354,2023-03-07T15:41:58.167Z
5730,0.24,99.76,2448168,1307,2023-03-07T16:12:22.088Z
5129,0.21,99.79,2448168,1280,2023-03-07T16:33:34.267Z
5500,0.23,99.77,2448168,1247,2023-03-07T17:02:40.871Z
6684,0.28,99.72,2448168,1211,2023-03-07T17:22:32.239Z
6626,0.28,99.72,2448168,1213,2023-03-07T17:42:32.028Z
6234,0.26,99.74,2448168,1197,2023-03-07T18:12:50.542Z
6265,0.26,99.74,2448168,1177,2023-03-07T18:32:30.261Z
6391,0.27,99.73,2448168,1167,2023-03-07T18:42:20.773Z
6301,0.26,99.74,2448168,1132,2023-03-07T19:03:01.340Z
5650,0.24,99.76,2448168,1116,2023-03-07T19:23:17.952Z
5262,0.22,99.78,2448168,1100,2023-03-07T19:42:15.767Z
4423,0.19,99.81,2448168,1094,2023-03-07T20:02:45.086Z
4443,0.19,99.81,2448168,1064,2023-03-07T20:22:52.030Z
5771,0.24,99.76,2448168,1052,2023-03-07T20:42:54.616Z
6943,0.29,99.71,2448168,1040,2023-03-07T21:02:52.488Z
6808,0.28,99.72,2448168,1012,2023-03-07T21:22:44.984Z
6651,0.28,99.72,2448168,1004,2023-03-07T21:42:47.291Z
6626,0.28,99.72,2448168,976,2023-03-07T22:02:59.498Z
6810,0.28,99.72,2448168,986,2023-03-07T22:23:08.043Z
8249,0.34,99.66,2448168,1027,2023-03-07T22:42:13.858Z
8964,0.37,99.63,2448168,1016,2023-03-07T23:02:55.379Z
7648,0.32,99.68,2448168,1007,2023-03-07T23:23:17.993Z
7666,0.32,99.68,2448168,1008,2023-03-07T23:42:42.474Z
6434,0.27,99.73,2448168,920,2023-03-08T00:52:13.657Z
3037,0.13,99.87,2448168,807,2023-03-08T02:32:46.832Z
2955,0.13,99.87,2448168,788,2023-03-08T03:01:50.501Z
2890,0.12,99.88,2448168,789,2023-03-08T03:32:44.995Z
2881,0.12,99.88,2448168,787,2023-03-08T03:42:18.724Z
2816,0.12,99.88,2448168,777,2023-03-08T04:12:14.553Z
2788,0.12,99.88,2448168,761,2023-03-08T04:32:14.997Z
2784,0.12,99.88,2448168,760,2023-03-08T04:42:47.758Z
2225,0.1,99.9,2448168,739,2023-03-08T05:02:36.562Z
2215,0.1,99.9,2448168,733,2023-03-08T05:23:16.453Z
2105,0.09,99.91,2448168,731,2023-03-08T05:42:12.423Z
2107,0.09,99.91,2448168,733,2023-03-08T06:13:16.638Z
2106,0.09,99.91,2448168,732,2023-03-08T06:32:45.077Z
2108,0.09,99.91,2448168,734,2023-03-08T06:42:45.320Z
2086,0.09,99.91,2448168,730,2023-03-08T07:01:51.203Z
2068,0.09,99.91,2448168,728,2023-03-08T07:23:20.170Z
2063,0.09,99.91,2448168,726,2023-03-08T07:43:03.078Z
2081,0.09,99.91,2448168,728,2023-03-08T08:13:23.755Z
2082,0.09,99.91,2448168,726,2023-03-08T08:33:14.647Z
2077,0.09,99.91,2448168,724,2023-03-08T08:42:13.158Z
2077,0.09,99.91,2448168,724,2023-03-08T09:01:51.240Z
2059,0.09,99.91,2448168,719,2023-03-08T09:22:53.632Z
2062,0.09,99.91,2448168,721,2023-03-08T09:42:11.683Z
2232,0.1,99.9,2448168,716,2023-03-08T10:12:48.435Z
2096,0.09,99.91,2448168,710,2023-03-08T10:32:55.105Z
1628,0.07,99.93,2448168,708,2023-03-08T10:42:24.693Z
1589,0.07,99.93,2448168,701,2023-03-08T11:02:21.819Z
1589,0.07,99.93,2448168,701,2023-03-08T11:23:24.918Z
1592,0.07,99.93,2448168,701,2023-03-08T11:42:15.545Z
1562,0.07,99.93,2448168,690,2023-03-08T12:12:14.315Z
1538,0.07,99.93,2448168,693,2023-03-08T13:02:58.573Z
1675,0.07,99.93,2448168,706,2023-03-08T13:32:00.275Z
1690,0.07,99.93,2448168,721,2023-03-08T13:42:24.851Z
1704,0.07,99.93,2448168,732,2023-03-08T14:02:54.347Z
1711,0.07,99.93,2448168,739,2023-03-08T14:22:41.211Z
1772,0.08,99.92,2448168,764,2023-03-08T14:42:15.006Z
1792,0.08,99.92,2448168,769,2023-03-08T15:02:59.828Z
1839,0.08,99.92,2448168,771,2023-03-08T15:22:46.794Z
4242,0.18,99.82,2448168,775,2023-03-08T15:42:39.356Z
1917,0.08,99.92,2448168,786,2023-03-08T16:12:10.089Z
2228,0.1,99.9,2448168,786,2023-03-08T16:32:23.481Z
2618,0.11,99.89,2448168,774,2023-03-08T17:02:45.670Z
2897,0.12,99.88,2448168,820,2023-03-08T17:22:43.314Z
2886,0.12,99.88,2448168,791,2023-03-08T17:42:45.886Z
3598,0.15,99.85,2448168,789,2023-03-08T18:12:24.158Z
3649,0.15,99.85,2448168,796,2023-03-08T18:33:13.482Z
3652,0.15,99.85,2448168,798,2023-03-08T18:42:12.676Z
3707,0.16,99.84,2448168,785,2023-03-08T19:02:34.364Z
3458,0.15,99.85,2448168,784,2023-03-08T19:22:48.422Z
3411,0.14,99.86,2448168,859,2023-03-08T19:42:20.676Z
3400,0.14,99.86,2448168,802,2023-03-08T20:02:02.517Z
3141,0.13,99.87,2448168,799,2023-03-08T20:22:22.917Z
2419,0.1,99.9,2448168,743,2023-03-08T20:42:13.374Z
4218,0.18,99.82,2448168,702,2023-03-08T21:02:19.070Z
4173,0.18,99.82,2448168,668,2023-03-08T21:22:14.891Z
4122,0.17,99.83,2448168,661,2023-03-08T21:42:39.866Z
3074,0.13,99.87,2448168,633,2023-03-08T22:02:20.813Z
1820,0.08,99.92,2448168,622,2023-03-08T22:22:42.081Z
1797,0.08,99.92,2448168,621,2023-03-08T22:42:11.427Z
1591,0.07,99.93,2448168,612,2023-03-08T23:01:49.410Z
1534,0.07,99.93,2448168,608,2023-03-08T23:23:00.291Z
1491,0.07,99.93,2448168,593,2023-03-08T23:42:11.806Z
1361,0.06,99.94,2448168,529,2023-03-09T00:52:12.317Z
1262,0.06,99.94,2448168,405,2023-03-09T02:32:55.532Z
1264,0.06,99.94,2448168,405,2023-03-09T03:02:54.014Z
1240,0.06,99.94,2448168,400,2023-03-09T03:33:00.094Z
1242,0.06,99.94,2448168,400,2023-03-09T03:41:47.171Z
1235,0.06,99.94,2448168,388,2023-03-09T04:12:09.603Z
1237,0.06,99.94,2448168,390,2023-03-09T04:32:16.767Z
1235,0.06,99.94,2448168,388,2023-03-09T04:43:05.387Z
1232,0.06,99.94,2448168,385,2023-03-09T05:02:43.856Z
1229,0.06,99.94,2448168,383,2023-03-09T05:22:48.402Z
1232,0.06,99.94,2448168,382,2023-03-09T05:42:19.179Z
1237,0.06,99.94,2448168,387,2023-03-09T06:12:42.766Z
1237,0.06,99.94,2448168,387,2023-03-09T06:32:47.955Z
1236,0.06,99.94,2448168,386,2023-03-09T06:42:31.212Z
1236,0.06,99.94,2448168,386,2023-03-09T07:02:43.349Z
1305,0.06,99.94,2448168,393,2023-03-09T07:22:17.954Z
1378,0.06,99.94,2448168,392,2023-03-09T07:42:10.869Z
1221,0.05,99.95,2448168,376,2023-03-09T08:12:47.231Z
876,0.04,99.96,2448168,376,2023-03-09T08:32:38.110Z
851,0.04,99.96,2448168,377,2023-03-09T08:42:52.068Z
841,0.04,99.96,2448168,376,2023-03-09T09:03:02.887Z
842,0.04,99.96,2448168,377,2023-03-09T09:23:33.641Z
843,0.04,99.96,2448168,378,2023-03-09T09:32:46.879Z
838,0.04,99.96,2448168,375,2023-03-09T10:01:47.818Z
835,0.04,99.96,2448168,372,2023-03-09T10:22:38.903Z
832,0.04,99.96,2448168,370,2023-03-09T10:41:47.763Z
736,0.04,99.96,2448168,370,2023-03-09T11:02:30.616Z
735,0.04,99.96,2448168,369,2023-03-09T11:23:17.110Z
791,0.04,99.96,2448168,375,2023-03-09T11:42:48.219Z
796,0.04,99.96,2448168,380,2023-03-09T12:12:36.864Z
956,0.04,99.96,2448168,372,2023-03-09T13:03:00.157Z
12496,0.52,99.48,2448168,436,2023-03-09T13:42:43.779Z
15407,0.63,99.37,2448168,433,2023-03-09T14:02:41.374Z
15504,0.64,99.36,2448168,432,2023-03-09T14:22:17.342Z
15515,0.64,99.36,2448168,441,2023-03-09T14:32:45.396Z
12509,0.52,99.48,2448168,452,2023-03-09T15:01:54.071Z
12084,0.5,99.5,2448168,451,2023-03-09T15:23:14.832Z
2138,0.09,99.91,2448168,431,2023-03-09T15:42:18.921Z
1421,0.06,99.94,2448168,414,2023-03-09T16:12:13.574Z
3428,0.15,99.85,2448168,401,2023-03-09T16:32:19.569Z
4799,0.2,99.8,2448168,410,2023-03-09T17:03:20.639Z
3855,0.16,99.84,2448168,432,2023-03-09T17:24:15.616Z
1406,0.06,99.94,2448168,400,2023-03-09T17:43:00.479Z
1387,0.06,99.94,2448168,395,2023-03-09T18:12:15.136Z
1289,0.06,99.94,2448168,383,2023-03-09T18:23:14.593Z
1244,0.06,99.94,2448168,366,2023-03-09T18:42:27.029Z
1249,0.06,99.94,2448168,364,2023-03-09T19:02:53.433Z
1245,0.06,99.94,2448168,371,2023-03-09T19:22:50.220Z
1251,0.06,99.94,2448168,372,2023-03-09T19:42:00.560Z
1160,0.05,99.95,2448168,368,2023-03-09T20:11:44.407Z
1150,0.05,99.95,2448168,366,2023-03-09T20:22:12.901Z
1174,0.05,99.95,2448168,365,2023-03-09T20:41:52.203Z
1083,0.05,99.95,2448168,343,2023-03-09T21:02:17.940Z
1350,0.06,99.94,2448168,346,2023-03-09T21:13:25.858Z
1357,0.06,99.94,2448168,355,2023-03-09T21:28:42.707Z
1249,0.06,99.94,2448168,347,2023-03-09T22:02:25.216Z
1278,0.06,99.94,2448168,356,2023-03-09T22:23:13.723Z
1365,0.06,99.94,2448168,348,2023-03-09T22:32:56.622Z
1330,0.06,99.94,2448168,338,2023-03-09T23:12:18.699Z
1299,0.06,99.94,2448168,332,2023-03-09T23:23:17.176Z
1260,0.06,99.94,2448168,317,2023-03-09T23:42:48.599Z
978,0.04,99.96,2448168,258,2023-03-10T00:52:45.162Z
810,0.04,99.96,2448168,228,2023-03-10T02:33:53.959Z
778,0.04,99.96,2448168,219,2023-03-10T03:13:16.130Z
712,0.03,99.97,2448168,215,2023-03-10T03:42:43.823Z
711,0.03,99.97,2448168,216,2023-03-10T04:13:43.303Z
712,0.03,99.97,2448168,218,2023-03-10T04:32:15.607Z
712,0.03,99.97,2448168,218,2023-03-10T04:42:45.010Z
712,0.03,99.97,2448168,217,2023-03-10T05:02:58.259Z
706,0.03,99.97,2448168,215,2023-03-10T05:22:45.557Z
706,0.03,99.97,2448168,215,2023-03-10T05:42:38.935Z
676,0.03,99.97,2448168,218,2023-03-10T06:12:42.240Z
670,0.03,99.97,2448168,212,2023-03-10T06:32:49.055Z
671,0.03,99.97,2448168,213,2023-03-10T06:41:58.537Z
672,0.03,99.97,2448168,214,2023-03-10T07:01:55.474Z
670,0.03,99.97,2448168,212,2023-03-10T07:23:46.207Z
659,0.03,99.97,2448168,214,2023-03-10T07:42:56.209Z
649,0.03,99.97,2448168,210,2023-03-10T08:02:43.673Z
5504,0.23,99.77,2448168,207,2023-03-10T08:32:33.345Z
5504,0.23,99.77,2448168,207,2023-03-10T08:42:21.126Z
5525,0.23,99.77,2448168,210,2023-03-10T09:03:03.704Z
5444,0.23,99.77,2448168,206,2023-03-10T09:22:56.489Z
5444,0.23,99.77,2448168,206,2023-03-10T09:42:20.685Z
581,0.03,99.97,2448168,203,2023-03-10T10:02:32.512Z
636,0.03,99.97,2448168,201,2023-03-10T10:32:44.036Z
661,0.03,99.97,2448168,200,2023-03-10T10:43:31.468Z
660,0.03,99.97,2448168,201,2023-03-10T11:02:15.984Z
661,0.03,99.97,2448168,202,2023-03-10T11:22:44.247Z
685,0.03,99.97,2448168,197,2023-03-10T11:42:33.734Z
675,0.03,99.97,2448168,194,2023-03-10T12:12:42.815Z
2599,0.11,99.89,2448168,200,2023-03-10T13:02:34.307Z
2691,0.11,99.89,2448168,213,2023-03-10T13:32:45.242Z
2695,0.12,99.88,2448168,217,2023-03-10T13:43:07.029Z
2704,0.12,99.88,2448168,226,2023-03-10T14:02:30.932Z
2710,0.12,99.88,2448168,232,2023-03-10T14:24:17.819Z
789,0.04,99.96,2448168,227,2023-03-10T14:41:59.749Z
762,0.04,99.96,2448168,224,2023-03-10T15:01:55.114Z
820,0.04,99.96,2448168,226,2023-03-10T15:22:14.015Z
780,0.04,99.96,2448168,230,2023-03-10T15:42:29.885Z
787,0.04,99.96,2448168,229,2023-03-10T16:13:15.876Z
706,0.03,99.97,2448168,228,2023-03-10T16:33:07.373Z
799,0.04,99.96,2448168,231,2023-03-10T17:02:49.787Z
823,0.04,99.96,2448168,243,2023-03-10T17:22:11.803Z
763,0.04,99.96,2448168,234,2023-03-10T17:42:12.465Z
727,0.03,99.97,2448168,226,2023-03-10T18:12:22.375Z
731,0.03,99.97,2448168,229,2023-03-10T18:23:13.199Z
693,0.03,99.97,2448168,230,2023-03-10T18:42:45.900Z
2426,0.1,99.9,2448168,235,2023-03-10T19:03:00.344Z
695,0.03,99.97,2448168,234,2023-03-10T19:23:14.450Z
879,0.04,99.96,2448168,238,2023-03-10T19:42:49.777Z
859,0.04,99.96,2448168,237,2023-03-10T20:02:54.042Z
1282,0.06,99.94,2448168,244,2023-03-10T20:23:24.557Z
866,0.04,99.96,2448168,239,2023-03-10T20:42:41.318Z
795,0.04,99.96,2448168,228,2023-03-10T21:02:43.284Z
757,0.04,99.96,2448168,233,2023-03-10T21:22:13.396Z
740,0.04,99.96,2448168,234,2023-03-10T21:42:10.476Z
733,0.03,99.97,2448168,236,2023-03-10T22:03:27.720Z
628,0.03,99.97,2448168,247,2023-03-10T22:22:12.231Z
666,0.03,99.97,2448168,229,2023-03-10T22:41:51.753Z
651,0.03,99.97,2448168,227,2023-03-10T23:02:14.575Z
934,0.04,99.96,2448168,250,2023-03-10T23:22:42.099Z
1061,0.05,99.95,2448168,259,2023-03-10T23:42:11.588Z
1184,0.05,99.95,2448168,258,2023-03-11T00:42:50.181Z
1033,0.05,99.95,2448168,230,2023-03-11T02:02:57.210Z
774,0.04,99.96,2448168,211,2023-03-11T02:42:46.806Z
766,0.04,99.96,2448168,213,2023-03-11T03:02:48.197Z
754,0.04,99.96,2448168,212,2023-03-11T03:22:48.519Z
1650,0.07,99.93,2448168,234,2023-03-11T03:42:41.465Z
1288,0.06,99.94,2448168,216,2023-03-11T04:12:23.619Z
1287,0.06,99.94,2448168,215,2023-03-11T04:22:48.134Z
1288,0.06,99.94,2448168,216,2023-03-11T04:43:38.197Z
1289,0.06,99.94,2448168,218,2023-03-11T05:02:36.628Z
1282,0.06,99.94,2448168,213,2023-03-11T05:22:11.918Z
1304,0.06,99.94,2448168,211,2023-03-11T05:42:41.416Z
614,0.03,99.97,2448168,208,2023-03-11T06:11:57.154Z
603,0.03,99.97,2448168,209,2023-03-11T06:22:43.061Z
594,0.03,99.97,2448168,211,2023-03-11T06:42:46.031Z
613,0.03,99.97,2448168,210,2023-03-11T07:02:34.914Z
605,0.03,99.97,2448168,209,2023-03-11T07:22:56.873Z
591,0.03,99.97,2448168,208,2023-03-11T07:42:21.601Z
567,0.03,99.97,2448168,208,2023-03-11T08:12:56.031Z
619,0.03,99.97,2448168,209,2023-03-11T08:22:42.829Z
619,0.03,99.97,2448168,209,2023-03-11T08:42:16.463Z
619,0.03,99.97,2448168,209,2023-03-11T09:02:10.287Z
619,0.03,99.97,2448168,209,2023-03-11T09:23:11.111Z
619,0.03,99.97,2448168,209,2023-03-11T09:41:43.761Z