date_generated,number_crews,number_customers_affected,percent_with_power
2023-02-22T23:35:00.000Z,430,325867,85.52
2023-02-23T01:55:00.000Z,430,382525,83.00
2023-02-23T07:10:00.000Z,1360,461332,79.50
2023-02-23T09:15:00.000Z,1360,461332,79.50
2023-02-23T11:20:00.000Z,3210,479838,78.68
2023-02-23T17:55:00.000Z,3760,504343,77.59
2023-02-23T21:20:00.000Z,3760,518877,76.94
2023-02-23T21:35:00.000Z,3760,518877,76.94
2023-02-24T10:45:00.000Z,4090,467938,79.21
2023-02-24T14:15:00.000Z,4270,465734,79.31
2023-02-24T15:30:00.000Z,4270,463270,79.42
2023-02-24T15:40:00.000Z,4270,463270,79.42
2023-02-24T17:50:00.000Z,4270,419548,81.36
2023-02-24T18:15:00.000Z,4270,412846,81.66
2023-02-24T23:05:00.000Z,4270,337451,85.01
2023-02-24T23:45:00.000Z,260,346762,84.59
2023-02-25T00:05:00.000Z,260,325130,85.55
2023-02-25T08:20:00.000Z,2740,286934,87.25
2023-02-25T11:20:00.000Z,3920,290030,87.11
2023-02-25T11:55:00.000Z,3920,290881,87.08
2023-02-25T12:05:00.000Z,3920,290881,87.08
2023-02-25T16:45:00.000Z,3960,237048,89.47
2023-02-25T17:35:00.000Z,3960,236714,89.48
2023-02-25T18:35:00.000Z,3960,232137,89.69
2023-02-26T00:00:00.713Z,3990,224014,90.05
2023-02-26T00:05:00.582Z,3990,224014,90.05
2023-02-26T00:10:01.146Z,3990,224014,90.05
2023-02-26T01:15:00.675Z,3990,212015,90.58
2023-02-26T01:40:00.948Z,3990,209327,90.7
2023-02-26T01:45:00.662Z,3990,209327,90.7
2023-02-26T02:05:00.594Z,3990,196842,91.25
2023-02-26T02:55:02.663Z,3990,185350,91.76
2023-02-26T03:05:00.626Z,3990,185350,91.76
2023-02-26T03:35:02.724Z,3990,180960,91.96
2023-02-26T03:45:01.399Z,3990,180960,91.96
2023-02-26T04:10:02.279Z,3990,180781,91.97
2023-02-26T04:30:04.333Z,3990,180781,91.97
2023-02-26T04:45:00.697Z,3990,180592,91.98
2023-02-26T05:10:00.645Z,3990,180551,91.98
2023-02-26T05:25:00.556Z,3990,180551,91.98
2023-02-26T05:40:02.598Z,3990,180551,91.98
2023-02-26T06:10:00.745Z,3990,180551,91.98
2023-02-26T06:30:00.757Z,3990,177268,92.12
2023-02-26T06:45:00.745Z,3990,177268,92.12
2023-02-26T07:10:00.602Z,3990,177268,92.12
2023-02-26T07:25:07.558Z,3990,177268,92.12
2023-02-26T07:40:00.693Z,3990,177268,92.12
2023-02-26T08:10:08.421Z,3990,177067,92.13
2023-02-26T08:30:00.649Z,3990,177067,92.13
2023-02-26T08:40:00.594Z,3990,177067,92.13
2023-02-26T09:10:00.593Z,3990,177067,92.13
2023-02-26T09:25:00.689Z,3990,177067,92.13
2023-02-26T09:40:00.870Z,3990,173169,92.31
2023-02-26T10:10:00.679Z,3990,173141,92.31
2023-02-26T10:30:00.657Z,3990,173141,92.31
2023-02-26T10:40:00.630Z,3990,173141,92.31
2023-02-26T11:05:02.662Z,3990,173141,92.31
2023-02-26T11:20:02.328Z,3990,173141,92.31
2023-02-26T11:40:01.885Z,3990,173542,92.29
2023-02-26T12:20:02.658Z,3990,173112,92.31
2023-02-26T13:00:00.555Z,3990,173222,92.3
2023-02-26T13:25:00.812Z,3990,173222,92.3
2023-02-26T13:40:00.987Z,3990,173222,92.3
2023-02-26T14:05:00.636Z,3990,174020,92.27
2023-02-26T14:25:00.556Z,3990,174020,92.27
2023-02-26T14:40:00.814Z,3990,174020,92.27
2023-02-26T15:10:02.429Z,3990,174020,92.27
2023-02-26T15:25:02.203Z,3990,173844,92.28
2023-02-26T15:40:00.626Z,3990,173844,92.28
2023-02-26T16:10:01.889Z,3990,173816,92.28
2023-02-26T16:35:00.632Z,3990,173816,92.28
2023-02-26T16:45:00.563Z,3990,173816,92.28
2023-02-26T17:05:00.584Z,3990,173816,92.28
2023-02-26T17:25:00.620Z,3990,173816,92.28
2023-02-26T17:40:01.139Z,3990,173512,92.29
2023-02-26T18:10:00.656Z,3990,171228,92.39
2023-02-26T18:30:02.900Z,3990,165132,92.66
2023-02-26T18:40:00.710Z,3990,154845,93.12
2023-02-26T19:05:01.371Z,3990,147852,93.43
2023-02-26T19:20:01.596Z,3990,147852,93.43
2023-02-26T19:40:00.580Z,3990,147244,93.46
2023-02-26T20:10:00.668Z,3990,142730,93.66
2023-02-26T20:25:00.819Z,3990,142730,93.66
2023-02-26T20:40:00.635Z,3990,142112,93.69
2023-02-26T21:05:00.874Z,3990,141988,93.69
2023-02-26T21:25:01.808Z,3990,141988,93.69
2023-02-26T21:40:00.655Z,3990,141902,93.69
2023-02-26T22:10:00.612Z,3990,141902,93.69
2023-02-26T22:25:00.596Z,3990,141586,93.71
2023-02-26T22:40:00.582Z,3990,141343,93.72
2023-02-26T23:10:00.647Z,3990,136574,93.93
2023-02-26T23:25:00.585Z,3990,136574,93.93
2023-02-26T23:40:00.567Z,3990,132148,94.13
2023-02-27T00:55:00.688Z,3990,121325,94.61
2023-02-27T02:05:00.802Z,3990,108463,95.18
2023-02-27T02:25:01.414Z,3990,103526,95.4
2023-02-27T03:00:00.731Z,3990,97961,95.65
2023-02-27T03:30:03.047Z,3990,95424,95.76
2023-02-27T03:40:01.240Z,3990,81289,96.39
2023-02-27T04:10:01.115Z,3990,68853,96.94
2023-02-27T04:30:00.780Z,220,67635,96.99
2023-02-27T04:45:02.899Z,220,64928,97.12
2023-02-27T05:10:00.659Z,220,63480,97.18
2023-02-27T05:25:00.696Z,220,63301,97.19
2023-02-27T05:40:03.360Z,220,62997,97.2
2023-02-27T06:15:01.203Z,220,62357,97.23
2023-02-27T06:35:01.330Z,220,62170,97.24
2023-02-27T06:45:02.931Z,220,62603,97.22
2023-02-27T07:10:02.507Z,220,62562,97.22
2023-02-27T07:25:04.333Z,220,62479,97.22
2023-02-27T07:40:00.721Z,220,62372,97.23
2023-02-27T08:15:00.687Z,220,62286,97.23
2023-02-27T08:35:04.890Z,220,62225,97.24
2023-02-27T08:45:00.937Z,220,62118,97.24
2023-02-27T09:10:00.917Z,220,61852,97.25
2023-02-27T09:25:00.804Z,220,61903,97.25
2023-02-27T09:40:03.311Z,220,61939,97.25
2023-02-27T10:10:08.293Z,220,61942,97.25
2023-02-27T10:30:18.336Z,220,61942,97.25
2023-02-27T10:40:01.970Z,220,61942,97.25
2023-02-27T11:10:03.259Z,220,61689,97.26
2023-02-27T11:25:00.641Z,220,61689,97.26
2023-02-27T11:40:00.746Z,4100,61689,97.26
2023-02-27T12:20:00.797Z,4100,61278,97.28
2023-02-27T13:00:00.610Z,4100,61249,97.28
2023-02-27T13:35:00.768Z,4100,62139,97.24
2023-02-27T13:40:00.638Z,4100,62139,97.24
2023-02-27T14:10:01.126Z,4100,62436,97.23
2023-02-27T14:30:00.944Z,4100,62733,97.21
2023-02-27T14:40:00.825Z,4100,62814,97.21
2023-02-27T15:10:01.466Z,4100,63762,97.17
2023-02-27T15:35:01.287Z,4100,63633,97.17
2023-02-27T15:40:00.631Z,4100,63688,97.17
2023-02-27T16:15:02.973Z,4100,63646,97.17
2023-02-27T16:40:01.338Z,4100,64055,97.15
2023-02-27T17:10:00.628Z,4100,63515,97.18
2023-02-27T17:30:00.677Z,4100,63538,97.18
2023-02-27T17:40:00.612Z,4400,63590,97.17
2023-02-27T18:10:02.059Z,4400,64719,97.12
2023-02-27T18:30:00.644Z,4400,66040,97.07
2023-02-27T18:45:00.800Z,4400,66177,97.06
2023-02-27T19:05:00.829Z,4400,66391,97.05
2023-02-27T19:20:00.926Z,4400,68315,96.96
2023-02-27T19:40:00.619Z,4400,69278,96.92
2023-02-27T20:10:00.731Z,4480,62844,97.21
2023-02-27T20:30:00.647Z,4480,62434,97.23
2023-02-27T20:50:01.019Z,4480,62728,97.21
2023-02-27T21:10:00.649Z,4480,63505,97.18
2023-02-27T21:25:00.724Z,4480,63124,97.2
2023-02-27T21:40:01.027Z,4480,62945,97.2
2023-02-27T22:10:00.670Z,4480,60643,97.31
2023-02-27T22:30:00.659Z,4480,60884,97.29
2023-02-27T22:40:00.587Z,4480,60685,97.3
2023-02-27T23:10:00.789Z,4480,57781,97.43
2023-02-27T23:25:02.121Z,4480,55294,97.54
2023-02-27T23:40:00.662Z,4480,53667,97.62
2023-02-28T01:00:00.875Z,4480,51571,97.71
2023-02-28T02:10:00.600Z,4480,49219,97.81
2023-02-28T02:20:00.604Z,4480,49191,97.81
2023-02-28T03:00:00.570Z,4480,49178,97.82
2023-02-28T03:30:00.757Z,4480,49332,97.81
2023-02-28T03:40:01.058Z,4480,49315,97.81
2023-02-28T04:10:00.586Z,4480,48949,97.83
2023-02-28T04:30:01.262Z,310,48680,97.84
2023-02-28T04:45:00.777Z,310,48625,97.84
2023-02-28T05:10:00.775Z,310,47973,97.87
2023-02-28T05:25:00.688Z,310,47272,97.9
2023-02-28T05:40:00.680Z,310,47276,97.9
2023-02-28T06:15:00.562Z,310,47343,97.9
2023-02-28T06:35:00.815Z,310,47355,97.9
2023-02-28T06:45:00.794Z,310,47296,97.9
2023-02-28T07:10:00.845Z,310,47382,97.89
2023-02-28T07:25:00.746Z,310,47362,97.9
2023-02-28T07:40:01.666Z,310,47420,97.89
2023-02-28T08:15:00.587Z,310,47427,97.89
2023-02-28T08:35:00.696Z,310,47489,97.89
2023-02-28T08:45:00.675Z,310,47673,97.88
2023-02-28T09:10:00.910Z,310,47912,97.87
2023-02-28T09:30:00.676Z,310,48009,97.87
2023-02-28T09:40:00.723Z,310,48038,97.87
2023-02-28T10:10:01.461Z,310,48806,97.83
2023-02-28T10:30:00.805Z,310,48857,97.83
2023-02-28T10:40:00.623Z,310,48892,97.83
2023-02-28T11:10:00.781Z,310,50297,97.77
2023-02-28T11:25:00.646Z,4340,50474,97.76
2023-02-28T11:40:00.624Z,4340,50624,97.75
2023-02-28T12:20:00.692Z,4340,51132,97.73
2023-02-28T13:00:00.684Z,4340,51757,97.7
2023-02-28T13:35:00.687Z,4340,52036,97.69
2023-02-28T13:40:00.596Z,4340,52110,97.68
2023-02-28T14:10:01.345Z,4340,52392,97.67
2023-02-28T14:30:00.593Z,4340,52293,97.68
2023-02-28T14:40:00.590Z,4340,49582,97.8
2023-02-28T15:10:00.778Z,4340,45530,97.98
2023-02-28T15:30:00.957Z,4340,46027,97.96
2023-02-28T15:40:00.716Z,4340,46231,97.95
2023-02-28T16:15:00.637Z,4340,46309,97.94
2023-02-28T16:40:01.958Z,4340,46096,97.95
2023-02-28T17:10:00.666Z,4340,45610,97.97
2023-02-28T17:30:00.850Z,4340,45508,97.98
2023-02-28T17:40:00.622Z,4340,45358,97.98
2023-02-28T18:15:00.819Z,4340,45583,97.97
2023-02-28T18:30:00.781Z,4340,45481,97.98
2023-02-28T18:45:00.849Z,4340,44878,98.01
2023-02-28T19:05:00.730Z,4340,42927,98.09
2023-02-28T19:20:00.686Z,4340,42579,98.11
2023-02-28T19:40:00.706Z,4340,41557,98.15
2023-02-28T20:10:00.672Z,4340,32909,98.54
2023-02-28T20:25:00.972Z,4340,29911,98.67
2023-02-28T20:40:00.879Z,4340,29095,98.71
2023-02-28T21:10:00.988Z,4340,27602,98.77
2023-02-28T21:25:01.124Z,4340,27011,98.8
2023-02-28T21:40:00.976Z,4340,26916,98.8
2023-02-28T22:10:01.231Z,4560,25496,98.87
2023-02-28T22:30:00.584Z,4560,25268,98.88
2023-02-28T22:40:00.631Z,4560,24983,98.89
2023-02-28T23:10:00.725Z,4560,24491,98.91
2023-02-28T23:25:00.667Z,4560,24318,98.92
2023-02-28T23:40:00.643Z,4560,23443,98.96
2023-03-01T01:05:00.657Z,4560,20884,99.07
2023-03-01T02:40:00.607Z,4560,18502,99.18
2023-03-01T03:25:00.810Z,4560,17792,99.21
2023-03-01T03:45:00.647Z,4560,17526,99.22
2023-03-01T04:10:00.689Z,240,17134,99.24
2023-03-01T04:35:00.785Z,240,16943,99.25
2023-03-01T04:45:00.756Z,240,16119,99.28
2023-03-01T05:10:00.720Z,240,15800,99.3
2023-03-01T05:25:00.623Z,240,15666,99.3
2023-03-01T05:40:00.725Z,240,15633,99.31
2023-03-01T06:15:00.830Z,240,15549,99.31
2023-03-01T06:35:00.723Z,240,15441,99.31
2023-03-01T06:45:00.796Z,240,15422,99.31
2023-03-01T07:10:00.709Z,240,15378,99.32
2023-03-01T07:25:00.714Z,240,15328,99.32
2023-03-01T07:40:00.702Z,240,15318,99.32
2023-03-01T08:15:00.771Z,240,15965,99.29
2023-03-01T08:35:00.720Z,240,17823,99.21
2023-03-01T08:45:00.772Z,240,17917,99.2
2023-03-01T09:10:00.624Z,240,18005,99.2
2023-03-01T09:25:00.773Z,240,18095,99.2
2023-03-01T09:40:01.079Z,240,18229,99.19
2023-03-01T10:10:00.678Z,240,18328,99.19
2023-03-01T10:30:00.790Z,240,18477,99.18
2023-03-01T10:40:00.659Z,240,18418,99.18
2023-03-01T11:10:00.656Z,240,18503,99.18
2023-03-01T11:25:00.639Z,240,18426,99.18
2023-03-01T11:40:00.649Z,4270,62139,97.24
2023-03-01T12:20:00.660Z,4270,18385,99.18
2023-03-01T13:00:00.813Z,4270,18496,99.18
2023-03-01T13:35:00.788Z,4270,16280,99.28
2023-03-01T13:40:00.972Z,4270,16280,99.28
2023-03-01T14:10:00.838Z,4270,16279,99.28
2023-03-01T14:30:01.090Z,4270,16236,99.28
2023-03-01T14:40:00.910Z,4270,16224,99.28
2023-03-01T15:10:00.645Z,4270,15941,99.29
2023-03-01T15:30:00.640Z,4270,16299,99.28
2023-03-01T15:40:00.691Z,4270,16449,99.27
2023-03-01T16:15:00.623Z,4270,16096,99.28
2023-03-01T16:40:00.772Z,4270,15895,99.29
2023-03-01T17:10:00.656Z,4270,15359,99.32
2023-03-01T17:30:00.709Z,4270,15139,99.33
2023-03-01T17:40:00.709Z,4270,15107,99.33
2023-03-01T18:10:00.914Z,4270,14931,99.34
2023-03-01T18:30:01.046Z,4270,14971,99.33
2023-03-01T18:45:00.800Z,4270,14607,99.35
2023-03-01T19:05:15.761Z,4270,14422,99.36
2023-03-01T19:20:00.603Z,4270,14156,99.37
2023-03-01T19:40:00.668Z,4270,14061,99.38
2023-03-01T20:10:00.672Z,4270,13668,99.39
2023-03-01T20:30:00.617Z,4270,13363,99.41
2023-03-01T20:40:00.641Z,4270,13346,99.41
2023-03-01T21:10:00.647Z,4270,12331,99.45
2023-03-01T21:25:00.717Z,4270,12416,99.45
2023-03-01T21:40:01.237Z,4270,12186,99.46
2023-03-01T22:10:00.683Z,4270,11852,99.47
2023-03-01T22:30:00.715Z,4270,11839,99.47
2023-03-01T22:40:00.663Z,4270,11780,99.48
2023-03-01T23:10:00.739Z,4270,11677,99.48
2023-03-01T23:25:00.608Z,4270,11248,99.5
2023-03-02T00:05:00.655Z,4270,11082,99.51
2023-03-02T00:10:00.577Z,4270,10861,99.52
2023-03-02T01:00:00.660Z,4270,10909,99.52
2023-03-02T02:35:00.608Z,4270,9342,99.58
2023-03-02T03:10:00.674Z,4270,9246,99.59
2023-03-02T03:35:00.834Z,4270,9151,99.59
2023-03-02T03:45:00.597Z,4270,9135,99.59
2023-03-02T04:10:00.731Z,200,9022,99.6
2023-03-02T04:35:00.858Z,200,9013,99.6
2023-03-02T04:45:00.765Z,200,9013,99.6
2023-03-02T05:10:00.679Z,200,9021,99.6
2023-03-02T05:25:00.867Z,200,8981,99.6
2023-03-02T05:40:00.805Z,200,8889,99.61
2023-03-02T06:15:00.655Z,200,8783,99.61
2023-03-02T06:35:00.852Z,200,8724,99.61
2023-03-02T06:45:00.793Z,200,8708,99.61
2023-03-02T07:10:01.006Z,200,8648,99.62
2023-03-02T07:25:00.742Z,200,8618,99.62
2023-03-02T07:40:00.633Z,200,8558,99.62
2023-03-02T08:15:00.670Z,200,8462,99.62
2023-03-02T08:35:00.637Z,200,8421,99.63
2023-03-02T08:45:00.743Z,200,8359,99.63
2023-03-02T09:10:00.784Z,200,8251,99.63
2023-03-02T09:25:00.749Z,200,8254,99.63
2023-03-02T09:40:00.640Z,200,8263,99.63
2023-03-02T10:10:00.760Z,200,8277,99.63
2023-03-02T10:30:00.739Z,200,8236,99.63
2023-03-02T10:40:00.689Z,200,8223,99.63
2023-03-02T11:10:00.861Z,200,8150,99.64
2023-03-02T11:25:01.729Z,200,8129,99.64
2023-03-02T11:40:00.850Z,3960,8111,99.64
2023-03-02T12:20:00.986Z,3960,7962,99.65
2023-03-02T13:00:00.568Z,3960,7955,99.65
2023-03-02T13:40:00.672Z,3960,7893,99.65
2023-03-02T14:10:01.801Z,3960,7914,99.65
2023-03-02T14:30:00.551Z,4240,7857,99.65
2023-03-02T14:40:00.745Z,4240,7881,99.65
2023-03-02T15:10:00.691Z,4240,7859,99.65
2023-03-02T15:30:00.652Z,4240,5403,99.76
2023-03-02T15:40:02.275Z,4240,5317,99.76
2023-03-02T16:15:01.006Z,4240,5329,99.76
2023-03-02T16:40:00.726Z,4240,5555,99.75
2023-03-02T17:10:00.610Z,4240,5250,99.77
2023-03-02T17:30:00.648Z,4240,5270,99.77
2023-03-02T17:40:01.249Z,4240,5341,99.76
2023-03-02T18:15:01.240Z,4240,5297,99.76
2023-03-02T18:35:00.784Z,4240,4999,99.78
2023-03-02T18:50:00.787Z,4240,4882,99.78
2023-03-02T19:05:00.875Z,4240,4786,99.79
2023-03-02T19:20:01.021Z,4240,4800,99.79
2023-03-02T19:40:00.592Z,4240,4748,99.79
2023-03-02T20:10:00.747Z,4240,4606,99.8
2023-03-02T20:30:00.975Z,4240,4347,99.81
2023-03-02T20:40:01.007Z,4240,4312,99.81
2023-03-02T21:10:00.713Z,4240,4231,99.81
2023-03-02T21:25:00.658Z,4240,4272,99.81
2023-03-02T21:40:00.667Z,4240,4285,99.81
2023-03-02T22:10:00.619Z,4240,4242,99.81
2023-03-02T22:30:00.734Z,4240,4351,99.81
2023-03-02T22:40:00.605Z,4240,4175,99.81
2023-03-02T23:10:00.752Z,4240,4130,99.82
2023-03-03T01:35:00.919Z,4240,3182,99.86
2023-03-03T02:50:00.656Z,4240,3106,99.86
2023-03-03T04:25:00.633Z,210,3099,99.86
2023-03-03T05:00:00.747Z,210,3101,99.86
2023-03-03T05:30:00.685Z,210,3094,99.86
2023-03-03T05:40:00.639Z,210,3092,99.86
2023-03-03T06:15:00.607Z,210,3108,99.86
2023-03-03T06:30:00.629Z,210,3103,99.86
2023-03-03T06:45:00.772Z,210,3095,99.86
2023-03-03T07:10:00.636Z,210,3087,99.86
2023-03-03T07:25:00.777Z,210,3073,99.86
2023-03-03T07:40:00.738Z,210,3072,99.86
2023-03-03T08:10:00.586Z,210,3064,99.86
2023-03-03T08:30:00.806Z,210,3068,99.86
2023-03-03T08:45:00.842Z,210,3064,99.86
2023-03-03T09:10:00.601Z,210,3066,99.86
2023-03-03T09:25:00.742Z,210,3060,99.86
2023-03-03T09:40:00.826Z,210,3054,99.86
2023-03-03T10:10:00.766Z,210,3047,99.86
2023-03-03T10:30:00.792Z,210,3081,99.86
2023-03-03T10:40:00.704Z,210,3075,99.86
2023-03-03T11:05:00.565Z,210,3078,99.86
2023-03-03T11:25:00.801Z,3080,3038,99.87
2023-03-03T11:40:00.714Z,3080,3051,99.86
2023-03-03T12:20:00.662Z,3080,3062,99.86
2023-03-03T13:00:00.800Z,3080,3065,99.86
2023-03-03T13:30:00.768Z,3080,3035,99.87
2023-03-03T13:40:00.619Z,3080,3025,99.87
2023-03-03T14:10:00.661Z,3080,3025,99.87
2023-03-03T14:25:00.674Z,3080,3040,99.86
2023-03-03T14:40:00.917Z,3080,3052,99.86
2023-03-03T15:10:00.629Z,3080,3073,99.86
2023-03-03T15:30:01.132Z,3080,3103,99.86
2023-03-03T15:40:00.594Z,3080,3075,99.86
2023-03-03T16:15:00.782Z,3080,3101,99.86
2023-03-03T16:40:00.617Z,3080,3103,99.86
2023-03-03T16:50:00.747Z,3080,3142,99.86
2023-03-03T17:10:00.707Z,3080,3106,99.86
2023-03-03T17:25:01.421Z,3080,3138,99.86
2023-03-03T17:40:00.682Z,3080,3159,99.86
2023-03-03T18:10:00.695Z,3080,2089,99.91
2023-03-03T18:30:00.577Z,3080,2121,99.91
2023-03-03T18:45:00.598Z,3080,2092,99.91
2023-03-03T19:05:00.715Z,3080,2042,99.91
2023-03-03T19:20:00.655Z,4140,2043,99.91
2023-03-03T19:40:00.643Z,4140,2025,99.91
2023-03-03T20:10:00.742Z,4140,2024,99.91
2023-03-03T20:25:00.798Z,4140,2029,99.91
2023-03-03T20:40:00.743Z,4140,2022,99.91
2023-03-03T21:10:00.779Z,4140,1924,99.91
2023-03-03T21:25:00.640Z,4140,2040,99.91
2023-03-03T21:40:00.687Z,4140,2476,99.89
2023-03-03T22:10:00.769Z,4140,2942,99.87
2023-03-03T22:30:01.529Z,4140,4198,99.81
2023-03-03T22:40:00.657Z,4140,7238,99.68
2023-03-03T23:10:00.658Z,4140,40612,98.2
2023-03-03T23:25:00.809Z,4140,62313,97.23
2023-03-03T23:40:00.672Z,4140,78641,96.51
2023-03-04T00:35:00.740Z,4140,107343,95.23
2023-03-04T00:55:00.820Z,4140,114493,94.91
2023-03-04T02:15:00.663Z,4140,128551,94.29
2023-03-04T02:55:00.813Z,4140,155664,93.08
2023-03-04T03:10:01.925Z,4140,162693,92.77
2023-03-04T03:30:00.663Z,4140,174245,92.26
2023-03-04T03:40:00.778Z,4140,187178,91.68
2023-03-04T04:05:00.712Z,4140,201937,91.03
2023-03-04T04:10:02.027Z,4140,201937,91.03
2023-03-04T04:30:00.884Z,295,210569,90.65
2023-03-04T04:45:00.672Z,295,210569,90.65
2023-03-04T05:10:00.894Z,295,209222,90.71
2023-03-04T05:25:00.673Z,295,209222,90.71
2023-03-04T05:40:00.796Z,295,209222,90.71
2023-03-04T06:10:00.652Z,295,209222,90.71
2023-03-04T06:30:00.612Z,295,211286,90.61
2023-03-04T06:40:00.728Z,295,211286,90.61
2023-03-04T07:10:00.753Z,295,211286,90.61
2023-03-04T07:25:00.763Z,295,211286,90.61
2023-03-04T07:40:00.599Z,295,211286,90.61
2023-03-04T08:10:00.904Z,295,214789,90.46
2023-03-04T08:30:00.702Z,295,214789,90.46
2023-03-04T08:40:00.751Z,295,214789,90.46
2023-03-04T09:10:00.817Z,295,214789,90.46
2023-03-04T09:25:00.682Z,295,214789,90.46
2023-03-04T09:40:00.866Z,295,219610,90.24
2023-03-04T10:10:00.571Z,295,212832,90.54
2023-03-04T10:30:00.790Z,295,212832,90.54
2023-03-04T10:40:00.830Z,295,212832,90.54
2023-03-04T11:05:00.772Z,3530,212135,90.58
2023-03-04T11:20:00.824Z,3530,212135,90.58
2023-03-04T11:40:00.647Z,3530,209498,90.69
2023-03-04T12:20:00.588Z,3530,208915,90.72
2023-03-04T12:45:00.665Z,3530,205292,90.88
2023-03-04T13:15:01.051Z,3530,203287,90.97
2023-03-04T13:30:01.193Z,3530,203287,90.97
2023-03-04T13:40:00.548Z,3530,205757,90.86
2023-03-04T14:10:00.624Z,3530,206645,90.82
2023-03-04T14:25:00.769Z,3530,206645,90.82
2023-03-04T14:40:00.760Z,3530,211592,90.6
2023-03-04T15:10:01.332Z,3530,205553,90.87
2023-03-04T15:25:01.439Z,3530,205553,90.87
2023-03-04T15:40:00.954Z,3530,210926,90.63
2023-03-04T16:10:00.612Z,3530,205631,90.86
2023-03-04T16:35:00.579Z,3530,205028,90.89
2023-03-04T16:45:01.402Z,3530,205028,90.89
2023-03-04T17:05:00.849Z,3530,203827,90.94
2023-03-04T17:25:02.130Z,3530,203827,90.94
2023-03-04T17:40:00.669Z,3530,204428,90.92
2023-03-04T18:10:00.603Z,3530,201115,91.07
2023-03-04T18:30:00.718Z,3530,201115,91.07
2023-03-04T18:40:00.654Z,3530,200403,91.1
2023-03-04T19:05:00.648Z,3530,200403,91.1
2023-03-04T19:20:00.563Z,3530,200403,91.1
2023-03-04T19:40:01.865Z,3530,194443,91.36
2023-03-04T20:10:00.910Z,3165,189814,91.57
2023-03-04T20:25:00.581Z,3165,189814,91.57
2023-03-04T20:40:01.444Z,3165,186034,91.74
2023-03-04T21:05:00.587Z,3165,188608,91.62
2023-03-04T21:25:00.697Z,3165,188608,91.62
2023-03-04T21:40:01.765Z,3165,185967,91.74
2023-03-04T22:10:00.717Z,3165,183829,91.83
2023-03-04T22:25:00.635Z,3165,174197,92.26
2023-03-04T22:40:00.572Z,3165,174197,92.26
2023-03-04T23:10:00.658Z,3165,162473,92.78
2023-03-04T23:25:00.654Z,3245,162473,92.78
2023-03-04T23:40:00.595Z,3245,154383,93.14
2023-03-05T01:05:00.846Z,3245,129028,94.27
2023-03-05T02:45:00.988Z,3245,94337,95.81
2023-03-05T03:20:00.656Z,3245,86768,96.15
2023-03-05T03:45:01.264Z,3245,81927,96.36
2023-03-05T04:10:00.571Z,255,81927,96.36
2023-03-05T04:30:00.720Z,255,67724,96.99
2023-03-05T04:40:00.648Z,255,67724,96.99
2023-03-05T05:10:00.701Z,255,67472,97
2023-03-05T05:25:00.659Z,255,67472,97
2023-03-05T05:40:00.664Z,255,67472,97
2023-03-05T06:10:00.962Z,255,67472,97
2023-03-05T06:30:00.654Z,255,67408,97.01
2023-03-05T06:45:00.785Z,255,67408,97.01
2023-03-05T07:10:00.858Z,255,67408,97.01
2023-03-05T07:25:00.800Z,255,67408,97.01
2023-03-05T07:40:01.211Z,255,67408,97.01
2023-03-05T08:10:00.707Z,255,65295,97.1
2023-03-05T08:30:00.857Z,255,65295,97.1
2023-03-05T08:40:00.958Z,255,65295,97.1
2023-03-05T09:10:00.633Z,255,65295,97.1
2023-03-05T09:25:00.622Z,255,65295,97.1
2023-03-05T09:40:00.761Z,255,65295,97.1
2023-03-05T10:10:00.801Z,255,66571,97.04
2023-03-05T10:30:00.806Z,255,66571,97.04
2023-03-05T10:40:00.766Z,255,66571,97.04
2023-03-05T11:05:00.839Z,255,67053,97.02
2023-03-05T11:20:00.653Z,255,67053,97.02
2023-03-05T11:40:00.912Z,255,66942,97.03
2023-03-05T12:20:00.745Z,255,65793,97.08
2023-03-05T12:45:00.642Z,255,65208,97.1
2023-03-05T13:15:00.612Z,255,65112,97.11
2023-03-05T13:30:00.738Z,255,65112,97.11
2023-03-05T13:40:00.589Z,255,64051,97.15
2023-03-05T14:05:00.632Z,255,63824,97.16
2023-03-05T14:25:00.635Z,3560,63515,97.18
2023-03-05T14:40:00.681Z,3560,62672,97.22
2023-03-05T15:10:00.548Z,3560,62123,97.24
2023-03-05T15:25:00.756Z,3560,62325,97.23
2023-03-05T15:40:00.979Z,3560,62230,97.24
2023-03-05T16:10:00.731Z,3560,61634,97.26
2023-03-05T16:35:01.060Z,3560,61417,97.27
2023-03-05T16:45:00.635Z,3560,61756,97.26
2023-03-05T17:10:00.658Z,3560,59752,97.35
2023-03-05T17:25:00.658Z,3560,59217,97.37
2023-03-05T17:40:00.667Z,3560,58784,97.39
2023-03-05T18:10:00.611Z,3560,57743,97.43
2023-03-05T18:30:00.589Z,3560,57317,97.45
2023-03-05T18:40:01.321Z,3610,56943,97.47
2023-03-05T19:05:01.596Z,3610,56691,97.48
2023-03-05T19:20:00.625Z,3610,56582,97.49
2023-03-05T19:40:00.671Z,3610,55157,97.55
2023-03-05T20:10:00.851Z,3610,53831,97.61
2023-03-05T20:25:00.838Z,3610,51390,97.72
2023-03-05T20:40:01.361Z,3610,49929,97.78
2023-03-05T21:05:00.563Z,3610,48930,97.83
2023-03-05T21:25:00.685Z,3610,46907,97.92
2023-03-05T21:40:01.073Z,3610,45098,98
2023-03-05T22:10:00.720Z,3610,41290,98.17
2023-03-05T22:25:01.322Z,3610,40454,98.2
2023-03-05T22:40:01.021Z,3610,39687,98.24
2023-03-05T23:10:01.351Z,3610,38287,98.3
2023-03-05T23:25:00.656Z,3610,35367,98.43
2023-03-05T23:40:00.712Z,3610,34920,98.45
2023-03-06T01:00:00.734Z,3610,29643,98.68
2023-03-06T02:30:00.700Z,3610,25483,98.87
2023-03-06T03:05:00.881Z,3610,25292,98.88
2023-03-06T03:30:00.595Z,3610,25049,98.89
2023-03-06T03:40:00.632Z,3610,24917,98.89
2023-03-06T04:10:00.790Z,275,24677,98.9
2023-03-06T04:30:00.662Z,275,24686,98.9
2023-03-06T04:45:00.635Z,275,24681,98.9
2023-03-06T05:10:00.730Z,275,24626,98.91
2023-03-06T05:25:00.606Z,275,24633,98.91
2023-03-06T05:40:00.643Z,275,24642,98.91
2023-03-06T06:15:00.581Z,275,24675,98.9
2023-03-06T06:35:00.753Z,275,24676,98.9
2023-03-06T06:45:00.632Z,275,24679,98.9
2023-03-06T07:10:00.722Z,275,24692,98.9
2023-03-06T07:25:00.739Z,275,24895,98.89
2023-03-06T07:40:00.671Z,275,25640,98.86
2023-03-06T08:15:00.736Z,275,26472,98.82
2023-03-06T08:35:00.710Z,275,26500,98.82
2023-03-06T08:45:00.729Z,275,26490,98.82
2023-03-06T09:10:00.734Z,275,25363,98.87
2023-03-06T09:25:00.679Z,275,25204,98.88
2023-03-06T09:40:00.717Z,275,25204,98.88
2023-03-06T10:10:00.789Z,275,25218,98.88
2023-03-06T10:30:00.716Z,275,25237,98.88
2023-03-06T10:40:01.344Z,275,25290,98.88
2023-03-06T11:10:00.760Z,275,25292,98.88
2023-03-06T11:25:00.633Z,3980,25324,98.87
2023-03-06T11:40:00.726Z,3980,25418,98.87
2023-03-06T12:20:00.673Z,3980,25555,98.86
2023-03-06T13:00:00.688Z,3980,25493,98.87
2023-03-06T13:35:00.882Z,3980,25642,98.86
2023-03-06T13:40:00.588Z,3980,25663,98.86
2023-03-06T14:10:01.677Z,3980,25745,98.86
2023-03-06T14:30:00.658Z,4200,25831,98.85
2023-03-06T14:40:00.671Z,4200,25828,98.85
2023-03-06T15:10:00.602Z,4200,25980,98.85
2023-03-06T15:30:02.883Z,4200,26186,98.84
2023-03-06T15:40:00.680Z,4200,26403,98.83
2023-03-06T16:15:01.055Z,4200,25824,98.85
2023-03-06T16:40:01.201Z,4200,25280,98.88
2023-03-06T17:10:02.354Z,4200,25459,98.87
2023-03-06T17:30:01.395Z,4200,25161,98.88
2023-03-06T17:40:00.649Z,4200,24172,98.93
2023-03-06T18:15:00.623Z,4200,23591,98.95
2023-03-06T18:35:00.749Z,4200,21708,99.04
2023-03-06T18:45:00.558Z,4200,21372,99.05
2023-03-06T19:05:00.977Z,4200,21652,99.04
2023-03-06T19:20:00.768Z,4200,21524,99.04
2023-03-06T19:40:00.713Z,4200,21178,99.06
2023-03-06T20:10:02.240Z,4200,20113,99.11
2023-03-06T20:30:00.786Z,4200,19218,99.15
2023-03-06T20:40:01.179Z,4200,18561,99.18
2023-03-06T21:10:00.779Z,4200,16982,99.25
2023-03-06T21:25:00.684Z,4200,16406,99.27
2023-03-06T21:40:00.919Z,4200,16455,99.27
2023-03-06T22:10:00.665Z,4200,16992,99.25
2023-03-06T22:30:00.640Z,4200,16098,99.28
2023-03-06T22:40:00.699Z,4200,16312,99.28
2023-03-06T23:10:00.928Z,4200,15263,99.32
2023-03-06T23:25:00.699Z,4200,16242,99.28
2023-03-06T23:40:00.698Z,4200,15813,99.3
2023-03-07T01:00:00.678Z,4200,13209,99.41
2023-03-07T02:40:00.825Z,4200,8880,99.61
2023-03-07T03:25:00.605Z,4200,7392,99.67
2023-03-07T03:45:00.647Z,4200,7319,99.67
2023-03-07T04:10:00.742Z,230,7282,99.68
2023-03-07T04:35:00.839Z,230,6850,99.7
2023-03-07T04:45:00.666Z,230,6889,99.69
2023-03-07T05:10:00.602Z,230,6540,99.71
2023-03-07T05:30:00.683Z,230,6315,99.72
2023-03-07T05:40:00.716Z,230,6314,99.72
2023-03-07T06:15:00.730Z,230,6347,99.72
2023-03-07T06:35:00.657Z,230,6380,99.72
2023-03-07T06:45:00.756Z,230,6388,99.72
2023-03-07T07:10:00.836Z,230,6421,99.71
2023-03-07T07:25:00.631Z,230,7048,99.69
2023-03-07T07:40:00.700Z,230,6490,99.71
2023-03-07T08:15:00.929Z,230,6493,99.71
2023-03-07T08:35:00.810Z,230,6495,99.71
2023-03-07T08:45:00.593Z,230,9268,99.59
2023-03-07T09:10:00.676Z,230,6542,99.71
2023-03-07T09:30:00.716Z,230,6530,99.71
2023-03-07T09:40:00.746Z,230,6522,99.71
2023-03-07T10:10:00.616Z,230,6511,99.71
2023-03-07T10:30:00.756Z,230,6336,99.72
2023-03-07T10:45:00.937Z,230,6336,99.72
2023-03-07T11:10:00.741Z,230,6517,99.71
2023-03-07T11:25:00.811Z,230,6523,99.71
2023-03-07T11:40:00.680Z,3290,6227,99.72
2023-03-07T12:20:00.807Z,3290,5355,99.76
2023-03-07T13:00:00.830Z,3290,5480,99.76
2023-03-07T13:35:00.611Z,3290,5974,99.73
2023-03-07T13:40:01.540Z,3290,6004,99.73
2023-03-07T14:10:00.685Z,3290,6075,99.73
2023-03-07T14:30:00.703Z,3290,6065,99.73
2023-03-07T14:40:00.570Z,3290,6117,99.73
2023-03-07T15:10:00.667Z,3290,5711,99.75
2023-03-07T15:30:00.612Z,3290,5751,99.74
2023-03-07T15:40:00.672Z,3290,5734,99.75
2023-03-07T16:15:00.704Z,3290,5296,99.76
2023-03-07T16:40:00.635Z,3290,4775,99.79
2023-03-07T17:10:00.670Z,3290,6540,99.71
2023-03-07T17:25:00.592Z,3290,6482,99.71
2023-03-07T17:40:00.567Z,3290,8150,99.64
2023-03-07T18:10:00.750Z,3290,5974,99.73
2023-03-07T18:30:00.788Z,3290,6082,99.73
2023-03-07T18:45:00.943Z,3290,6224,99.72
2023-03-07T19:05:00.745Z,3290,6141,99.73
2023-03-07T19:20:00.593Z,3290,4105,99.82
2023-03-07T19:40:00.701Z,3290,4106,99.82
2023-03-07T20:10:00.785Z,3290,4250,99.81
2023-03-07T20:30:00.729Z,3290,4093,99.82
2023-03-07T20:40:21.198Z,3290,5514,99.76
2023-03-07T21:10:00.663Z,3290,6567,99.71
2023-03-07T21:25:00.648Z,3290,6496,99.71
2023-03-07T21:40:00.622Z,3290,6378,99.72
2023-03-07T22:10:00.691Z,3290,6430,99.71
2023-03-07T22:30:00.664Z,3290,6682,99.7
2023-03-07T22:40:00.612Z,3290,8760,99.61
2023-03-07T23:10:00.868Z,3290,8675,99.61
2023-03-07T23:25:00.661Z,3290,6906,99.69
2023-03-07T23:40:00.718Z,3290,6921,99.69
2023-03-08T01:00:00.581Z,3290,5731,99.75
2023-03-08T02:35:00.602Z,3290,2205,99.9
2023-03-08T03:05:00.845Z,3290,2177,99.9
2023-03-08T03:35:00.579Z,3290,2176,99.9
2023-03-08T03:45:00.778Z,3290,2177,99.9
2023-03-08T04:10:00.601Z,3290,2163,99.9
2023-03-08T04:30:00.691Z,220,2138,99.91
2023-03-08T04:45:00.625Z,220,2146,99.9
2023-03-08T05:10:00.875Z,220,1917,99.91
2023-03-08T05:25:00.611Z,220,1831,99.92
2023-03-08T05:40:00.870Z,220,1826,99.92
2023-03-08T06:15:00.763Z,220,1826,99.92
2023-03-08T06:30:00.839Z,220,1827,99.92
2023-03-08T06:45:00.835Z,220,1826,99.92
2023-03-08T07:10:00.868Z,220,1790,99.92
2023-03-08T07:25:00.694Z,220,1789,99.92
2023-03-08T07:40:00.706Z,220,1783,99.92
2023-03-08T08:15:00.716Z,220,1800,99.92
2023-03-08T08:35:00.773Z,220,1803,99.92
2023-03-08T08:45:00.802Z,220,1797,99.92
2023-03-08T09:10:00.846Z,220,1797,99.92
2023-03-08T09:25:00.714Z,220,1781,99.92
2023-03-08T09:40:00.802Z,220,1785,99.92
2023-03-08T10:10:00.863Z,220,1949,99.91
2023-03-08T10:30:01.760Z,220,1811,99.92
2023-03-08T10:40:00.807Z,220,1352,99.94
2023-03-08T11:10:00.837Z,220,1313,99.94
2023-03-08T11:25:00.879Z,750,1310,99.94
2023-03-08T11:40:00.706Z,750,1313,99.94
2023-03-08T12:20:00.610Z,750,1285,99.94
2023-03-08T13:00:00.600Z,750,1257,99.94
2023-03-08T13:35:00.728Z,750,1404,99.94
2023-03-08T13:40:00.912Z,750,1408,99.94
2023-03-08T14:10:00.605Z,750,1419,99.94
2023-03-08T14:30:00.679Z,750,1430,99.94
2023-03-08T14:40:00.959Z,750,1485,99.93
2023-03-08T15:10:00.654Z,750,1515,99.93
2023-03-08T15:30:00.928Z,750,1557,99.93
2023-03-08T15:40:00.725Z,750,1563,99.93
2023-03-08T16:15:00.578Z,750,2507,99.89
2023-03-08T16:40:00.756Z,750,1619,99.93
2023-03-08T17:10:00.667Z,750,4264,99.81
2023-03-08T17:30:00.632Z,750,2600,99.88
2023-03-08T17:40:00.626Z,750,2596,99.88
2023-03-08T18:15:00.956Z,822,3357,99.85
2023-03-08T18:35:00.664Z,822,3372,99.85
2023-03-08T18:45:00.657Z,822,3391,99.85
2023-03-08T19:05:00.640Z,822,3451,99.85
2023-03-08T19:20:00.645Z,822,3078,99.86
2023-03-08T19:40:00.676Z,822,3061,99.86
2023-03-08T20:10:00.640Z,822,2605,99.88
2023-03-08T20:30:00.554Z,822,1980,99.91
2023-03-08T20:40:00.569Z,822,1903,99.92
2023-03-08T21:10:00.614Z,822,3881,99.83
2023-03-08T21:25:01.111Z,822,3864,99.83
2023-03-08T21:40:00.624Z,822,3824,99.83
2023-03-08T22:10:00.677Z,822,2316,99.9
2023-03-08T22:30:00.584Z,822,1421,99.94
2023-03-08T22:40:00.770Z,822,1422,99.94
2023-03-08T23:10:00.599Z,822,1248,99.94
2023-03-08T23:25:00.684Z,822,1182,99.95
2023-03-08T23:40:00.607Z,822,1148,99.95
2023-03-09T01:00:00.745Z,822,1023,99.95
2023-03-09T02:35:00.657Z,822,972,99.96
2023-03-09T03:05:00.785Z,822,956,99.96
2023-03-09T03:35:00.836Z,822,953,99.96
2023-03-09T03:45:00.618Z,822,946,99.96
2023-03-09T04:10:01.050Z,822,942,99.96
2023-03-09T04:35:00.856Z,822,939,99.96
2023-03-09T04:45:00.825Z,822,940,99.96
2023-03-09T05:10:00.605Z,822,937,99.96
2023-03-09T05:30:00.749Z,822,950,99.96
2023-03-09T05:40:00.834Z,822,938,99.96
2023-03-09T06:15:00.818Z,822,941,99.96
2023-03-09T06:35:00.755Z,822,942,99.96
2023-03-09T06:45:00.811Z,822,942,99.96
2023-03-09T07:10:00.884Z,822,942,99.96
2023-03-09T07:25:00.808Z,822,1013,99.96
2023-03-09T07:40:00.756Z,822,1084,99.95
2023-03-09T08:15:00.746Z,822,1161,99.95
2023-03-09T08:35:00.855Z,822,531,99.98
2023-03-09T08:45:00.932Z,822,532,99.98
2023-03-09T09:10:01.020Z,822,533,99.98
2023-03-09T09:25:00.818Z,822,533,99.98
2023-03-09T09:40:00.760Z,822,533,99.98
2023-03-09T10:10:00.789Z,822,528,99.98
2023-03-09T10:30:00.731Z,822,525,99.98
2023-03-09T10:45:00.851Z,822,440,99.98
2023-03-09T11:10:01.071Z,822,441,99.98
2023-03-09T11:30:00.910Z,822,500,99.98
2023-03-09T11:45:00.571Z,822,497,99.98
2023-03-09T12:20:00.650Z,822,503,99.98
2023-03-09T13:05:00.580Z,822,484,99.98
2023-03-09T13:45:00.659Z,822,15757,99.3
2023-03-09T14:10:00.987Z,822,15844,99.3
2023-03-09T14:30:00.630Z,822,15884,99.29
2023-03-09T14:40:00.713Z,822,15885,99.29
2023-03-09T15:10:01.653Z,822,13548,99.4
2023-03-09T15:30:00.673Z,822,4928,99.78
2023-03-09T15:40:00.582Z,822,1757,99.92
2023-03-09T16:15:00.686Z,822,1962,99.91
2023-03-09T16:40:00.675Z,822,746,99.97
2023-03-09T17:10:00.625Z,822,875,99.96
2023-03-09T17:30:00.652Z,822,3676,99.84
2023-03-09T17:40:00.780Z,822,852,99.96
2023-03-09T18:15:01.046Z,822,1048,99.95
2023-03-09T18:30:00.643Z,822,734,99.97
2023-03-09T18:45:01.407Z,822,712,99.97
2023-03-09T19:10:00.569Z,822,746,99.97
2023-03-09T19:20:00.615Z,822,746,99.97
2023-03-09T19:40:00.696Z,822,763,99.97
2023-03-09T20:10:00.646Z,822,684,99.97
2023-03-09T20:30:03.630Z,822,712,99.97
2023-03-09T20:40:00.711Z,822,713,99.97
2023-03-09T21:10:00.725Z,822,913,99.96
2023-03-09T21:25:01.563Z,822,923,99.96
2023-03-09T21:40:00.715Z,822,671,99.97
2023-03-09T22:10:00.709Z,822,770,99.97
2023-03-09T22:30:01.339Z,822,832,99.96
2023-03-09T22:40:00.722Z,822,869,99.96
2023-03-09T23:10:00.821Z,822,843,99.96
2023-03-09T23:30:01.035Z,822,783,99.97
2023-03-09T23:40:00.772Z,822,777,99.97
2023-03-10T01:00:00.566Z,822,479,99.98
2023-03-10T02:40:00.693Z,822,390,99.98
2023-03-10T03:20:01.310Z,822,369,99.98
2023-03-10T03:45:00.670Z,822,312,99.99
2023-03-10T04:10:00.764Z,822,314,99.99
2023-03-10T04:35:00.836Z,822,319,99.99
2023-03-10T04:45:00.802Z,822,316,99.99
2023-03-10T05:10:01.761Z,822,316,99.99
2023-03-10T05:25:00.795Z,822,309,99.99
2023-03-10T05:40:00.900Z,822,310,99.99
2023-03-10T06:15:00.746Z,822,274,99.99
2023-03-10T06:40:00.740Z,822,273,99.99
2023-03-10T06:45:01.484Z,822,277,99.99
2023-03-10T07:10:00.787Z,822,275,99.99
2023-03-10T07:25:00.731Z,822,261,99.99
2023-03-10T07:40:00.781Z,822,261,99.99
2023-03-10T08:15:00.699Z,822,250,99.99
2023-03-10T08:35:00.742Z,822,5119,99.77
2023-03-10T08:45:00.795Z,822,5121,99.77
2023-03-10T09:10:00.740Z,822,5142,99.77
2023-03-10T09:25:00.759Z,822,5061,99.78
2023-03-10T09:40:00.757Z,822,5061,99.78
2023-03-10T10:10:00.832Z,822,190,99.99
2023-03-10T10:30:00.980Z,822,249,99.99
2023-03-10T10:45:00.846Z,822,274,99.99
2023-03-10T11:10:00.833Z,822,275,99.99
2023-03-10T11:25:00.809Z,822,279,99.99
2023-03-10T11:40:00.711Z,822,304,99.99
2023-03-10T12:20:01.261Z,822,304,99.99
2023-03-10T13:00:00.722Z,822,2300,99.9
2023-03-10T13:35:00.624Z,822,2392,99.89
2023-03-10T13:40:00.649Z,822,2393,99.89
2023-03-10T14:10:01.386Z,822,2405,99.89
2023-03-10T14:30:02.575Z,822,2407,99.89
2023-03-10T14:40:00.633Z,822,463,99.98
2023-03-10T15:10:00.682Z,822,506,99.98
2023-03-10T15:30:00.669Z,822,434,99.98
2023-03-10T15:40:00.652Z,822,452,99.98
2023-03-10T16:15:00.713Z,822,2444,99.89
2023-03-10T16:40:00.668Z,822,374,99.98
2023-03-10T17:10:00.584Z,822,491,99.98
2023-03-10T17:30:00.728Z,822,454,99.98
2023-03-10T17:40:00.628Z,822,424,99.98
2023-03-10T18:10:00.605Z,822,405,99.98
2023-03-10T18:30:01.641Z,822,389,99.98
2023-03-10T18:40:00.677Z,822,391,99.98
2023-03-10T19:05:01.113Z,822,410,99.98
2023-03-10T19:20:00.640Z,822,397,99.98
2023-03-10T19:40:00.694Z,822,577,99.97
2023-03-10T20:10:00.647Z,822,992,99.96
2023-03-10T20:25:00.712Z,822,979,99.96
2023-03-10T20:40:00.618Z,822,531,99.98
2023-03-10T21:10:01.059Z,822,377,99.98
2023-03-10T21:25:00.629Z,822,392,99.98
2023-03-10T21:40:03.106Z,822,362,99.98
2023-03-10T22:10:00.784Z,822,276,99.99
2023-03-10T22:25:00.690Z,822,301,99.99
2023-03-10T22:40:00.719Z,822,340,99.98
2023-03-10T23:10:00.679Z,822,644,99.97
2023-03-10T23:25:00.587Z,822,711,99.97
2023-03-10T23:40:00.657Z,822,742,99.97
2023-03-11T00:50:00.627Z,822,865,99.96
2023-03-11T02:05:00.743Z,822,560,99.98
2023-03-11T02:40:00.674Z,822,356,99.98
2023-03-11T03:10:00.959Z,822,358,99.98
2023-03-11T03:25:00.695Z,822,361,99.98
2023-03-11T03:40:00.698Z,822,1268,99.94
2023-03-11T04:10:00.901Z,822,916,99.96
2023-03-11T04:30:00.819Z,822,916,99.96
2023-03-11T04:40:00.762Z,822,916,99.96
2023-03-11T05:10:00.861Z,822,915,99.96
2023-03-11T05:25:00.780Z,822,910,99.96
2023-03-11T05:40:01.625Z,822,941,99.96
2023-03-11T06:10:00.701Z,822,221,99.99
2023-03-11T06:30:00.960Z,822,223,99.99
2023-03-11T06:40:00.835Z,822,224,99.99
2023-03-11T07:05:00.791Z,822,255,99.99
2023-03-11T07:20:00.794Z,822,255,99.99
2023-03-11T07:40:00.899Z,822,255,99.99
2023-03-11T08:10:00.706Z,822,255,99.99
2023-03-11T08:30:00.849Z,822,308,99.99
2023-03-11T08:40:00.782Z,822,307,99.99
2023-03-11T09:10:00.703Z,822,307,99.99
2023-03-11T09:25:00.818Z,822,307,99.99
2023-03-11T09:40:00.745Z,822,307,99.99
2023-03-11T10:10:00.803Z,822,310,99.99
2023-03-11T10:25:00.818Z,822,309,99.99
2023-03-11T10:40:00.780Z,822,297,99.99
2023-03-11T11:05:00.616Z,822,296,99.99
2023-03-11T11:20:00.776Z,822,270,99.99
2023-03-11T11:40:00.859Z,822,264,99.99
2023-03-11T12:15:00.691Z,822,371,99.98
2023-03-11T12:45:00.789Z,822,372,99.98
2023-03-11T13:10:00.649Z,822,380,99.98
2023-03-11T13:25:00.670Z,822,381,99.98
2023-03-11T13:40:00.682Z,822,380,99.98
2023-03-11T14:05:00.718Z,822,385,99.98
2023-03-11T14:25:00.614Z,822,392,99.98
2023-03-11T14:40:00.938Z,822,394,99.98
2023-03-11T15:10:00.619Z,822,401,99.98
2023-03-11T15:25:00.564Z,822,413,99.98
2023-03-11T15:40:00.712Z,822,428,99.98
2023-03-11T16:10:00.602Z,822,501,99.98
2023-03-11T16:35:00.642Z,822,535,99.98
2023-03-11T16:45:00.916Z,822,555,99.98
2023-03-11T17:05:01.355Z,822,588,99.97
2023-03-11T17:25:00.599Z,822,1186,99.95
2023-03-11T17:40:01.102Z,822,1203,99.95
2023-03-11T18:10:00.765Z,822,1215,99.95
2023-03-11T18:30:00.598Z,822,1221,99.95
2023-03-11T18:40:00.691Z,822,1296,99.94
2023-03-11T19:05:01.632Z,822,1290,99.94
2023-03-11T19:20:00.625Z,822,1377,99.94
2023-03-11T19:40:00.642Z,822,696,99.97
2023-03-11T20:10:00.758Z,822,1405,99.94
2023-03-11T20:25:00.838Z,822,595,99.97
2023-03-11T20:40:00.745Z,822,596,99.97
2023-03-11T21:05:00.603Z,822,396,99.98
2023-03-11T21:20:00.676Z,822,404,99.98
2023-03-11T21:40:00.834Z,822,397,99.98
2023-03-11T22:10:00.625Z,822,404,99.98
2023-03-11T22:25:00.525Z,822,428,99.98
2023-03-11T22:40:00.802Z,822,399,99.98
2023-03-11T23:10:00.715Z,822,378,99.98
2023-03-11T23:25:00.657Z,822,376,99.98
2023-03-11T23:40:00.864Z,822,376,99.98
2023-03-12T01:00:00.642Z,822,327,99.99
2023-03-12T02:30:00.724Z,822,4603,99.8
2023-03-12T03:00:00.792Z,822,612,99.97
2023-03-12T03:25:01.136Z,822,572,99.97
2023-03-12T03:40:00.724Z,822,576,99.97
2023-03-12T04:10:00.943Z,822,576,99.97
2023-03-12T04:30:01.585Z,822,576,99.97
2023-03-12T04:40:00.623Z,822,552,99.98
2023-03-12T05:10:00.816Z,822,552,99.98
2023-03-12T05:25:00.707Z,822,551,99.98
2023-03-12T05:40:01.323Z,822,552,99.98
2023-03-12T06:10:00.830Z,822,634,99.97
2023-03-12T06:30:00.839Z,822,636,99.97
2023-03-12T06:40:00.840Z,822,634,99.97
2023-03-12T07:10:00.719Z,822,605,99.97
2023-03-12T07:20:00.765Z,822,605,99.97
2023-03-12T07:40:00.810Z,822,494,99.98
2023-03-12T08:10:01.142Z,822,392,99.98
2023-03-12T08:30:00.814Z,822,500,99.98
2023-03-12T08:40:00.776Z,822,500,99.98
2023-03-12T09:10:00.836Z,822,500,99.98
2023-03-12T09:25:00.739Z,822,500,99.98
2023-03-12T09:40:00.746Z,822,500,99.98
2023-03-12T10:10:00.970Z,822,501,99.98
2023-03-12T10:30:00.970Z,822,494,99.98
2023-03-12T10:40:00.772Z,822,491,99.98
2023-03-12T11:15:00.792Z,822,493,99.98
2023-03-12T11:20:00.745Z,822,492,99.98
2023-03-12T11:40:00.791Z,822,522,99.98
2023-03-12T12:15:00.765Z,822,1655,99.93
2023-03-12T12:45:00.631Z,822,1649,99.93
2023-03-12T13:15:00.854Z,822,1647,99.93
2023-03-12T13:25:00.735Z,822,1650,99.93
2023-03-12T13:40:00.771Z,822,1653,99.93
2023-03-12T14:05:00.689Z,822,1589,99.93
2023-03-12T14:25:00.877Z,822,4591,99.8
2023-03-12T14:40:00.916Z,822,1612,99.93
2023-03-12T15:10:00.771Z,822,1648,99.93
2023-03-12T15:25:01.045Z,822,1660,99.93
2023-03-12T15:40:00.676Z,822,1683,99.93
2023-03-12T16:10:01.281Z,822,1663,99.93
2023-03-12T16:35:01.107Z,822,1693,99.92
2023-03-12T16:45:01.670Z,822,1704,99.92
2023-03-12T17:05:00.662Z,822,1766,99.92
2023-03-12T17:25:00.765Z,822,1725,99.92
2023-03-12T17:40:00.757Z,822,1768,99.92
2023-03-12T18:10:00.765Z,822,1766,99.92
2023-03-12T18:30:00.895Z,822,1798,99.92
2023-03-12T18:40:00.693Z,822,1800,99.92
2023-03-12T19:05:00.535Z,822,611,99.97
2023-03-12T19:20:00.867Z,822,1049,99.95
2023-03-12T19:40:00.762Z,822,982,99.96
2023-03-12T20:10:00.686Z,822,558,99.98
2023-03-12T20:25:00.798Z,822,489,99.98
2023-03-12T20:40:00.718Z,822,325,99.99
2023-03-12T21:05:00.748Z,822,421,99.98
2023-03-12T21:20:00.766Z,822,425,99.98
2023-03-12T21:40:00.633Z,822,417,99.98
2023-03-12T22:10:00.853Z,822,414,99.98
2023-03-12T22:25:00.582Z,822,414,99.98
2023-03-12T22:40:00.616Z,822,415,99.98
2023-03-12T23:10:00.607Z,822,412,99.98
2023-03-12T23:25:00.815Z,822,412,99.98
2023-03-12T23:40:00.664Z,822,411,99.98
2023-03-13T00:55:00.750Z,822,949,99.96
2023-03-13T02:10:00.769Z,822,919,99.96
2023-03-13T02:45:00.871Z,822,724,99.97
2023-03-13T03:10:01.652Z,822,649,99.97
2023-03-13T03:25:00.820Z,822,651,99.97
2023-03-13T03:40:00.806Z,822,651,99.97
2023-03-13T04:10:00.663Z,822,646,99.97
2023-03-13T04:30:00.923Z,822,646,99.97
2023-03-13T04:40:00.784Z,822,648,99.97
2023-03-13T05:10:00.924Z,822,646,99.97
2023-03-13T05:25:00.761Z,822,646,99.97
2023-03-13T05:40:00.823Z,822,646,99.97
2023-03-13T06:15:00.889Z,822,646,99.97
2023-03-13T06:30:00.883Z,822,646,99.97
2023-03-13T06:45:00.721Z,822,648,99.97
2023-03-13T07:10:00.868Z,822,646,99.97
2023-03-13T07:25:00.806Z,822,646,99.97
2023-03-13T07:40:00.800Z,822,646,99.97
2023-03-13T08:15:00.771Z,822,197,99.99
2023-03-13T08:30:00.764Z,822,197,99.99
2023-03-13T08:45:00.870Z,822,234,99.99
2023-03-13T09:10:00.846Z,822,235,99.99
2023-03-13T09:25:00.804Z,822,235,99.99
2023-03-13T09:40:00.725Z,822,235,99.99
2023-03-13T10:10:00.794Z,822,237,99.99
2023-03-13T10:30:00.781Z,822,237,99.99
2023-03-13T10:40:00.619Z,822,239,99.99
2023-03-13T11:05:00.858Z,822,239,99.99
2023-03-13T11:20:00.711Z,822,239,99.99
2023-03-13T11:40:00.726Z,822,241,99.99
2023-03-13T12:20:00.677Z,822,246,99.99
2023-03-13T13:00:00.682Z,822,252,99.99
2023-03-13T13:30:00.629Z,822,280,99.99
2023-03-13T13:40:00.665Z,822,278,99.99
2023-03-13T14:10:00.721Z,822,322,99.99
2023-03-13T14:25:00.772Z,822,325,99.99
2023-03-13T14:40:00.727Z,822,527,99.98
2023-03-13T15:10:00.838Z,822,896,99.96
2023-03-13T15:25:00.585Z,822,881,99.96
2023-03-13T15:40:01.526Z,822,878,99.96
2023-03-13T16:15:00.630Z,822,401,99.98
2023-03-13T16:40:00.644Z,164,423,99.98
2023-03-13T16:50:01.008Z,162,420,99.98
2023-03-13T17:10:00.921Z,161,390,99.98
2023-03-13T17:25:00.743Z,157,328,99.99
2023-03-13T17:40:00.938Z,155,334,99.99
2023-03-13T18:10:00.742Z,150,338,99.98
2023-03-13T18:30:00.834Z,133,331,99.99
2023-03-13T18:45:00.761Z,123,326,99.99
2023-03-13T19:10:00.829Z,117,354,99.98
2023-03-13T19:20:00.790Z,115,328,99.99
2023-03-13T19:40:00.825Z,112,255,99.99
2023-03-13T20:10:00.621Z,118,259,99.99
2023-03-13T20:25:00.766Z,120,275,99.99
2023-03-13T20:40:00.630Z,126,278,99.99
2023-03-13T21:15:01.092Z,126,289,99.99
2023-03-13T21:30:00.882Z,125,290,99.99
2023-03-13T21:40:00.609Z,124,295,99.99
2023-03-13T22:10:00.690Z,125,930,99.96
2023-03-13T22:30:00.807Z,121,272,99.99
2023-03-13T22:40:00.758Z,121,279,99.99
2023-03-13T23:10:01.767Z,118,357,99.98
2023-03-13T23:25:01.250Z,118,359,99.98
2023-03-13T23:40:00.838Z,119,375,99.98
2023-03-14T00:50:00.749Z,117,352,99.98
2023-03-14T02:00:00.836Z,104,491,99.98
2023-03-14T02:35:00.928Z,100,488,99.98
2023-03-14T02:50:00.670Z,94,488,99.98
2023-03-14T03:10:00.934Z,92,486,99.98
2023-03-14T03:25:00.858Z,91,481,99.98
2023-03-14T03:40:00.804Z,90,482,99.98
2023-03-14T04:10:00.680Z,89,479,99.98
2023-03-14T04:30:00.722Z,95,479,99.98
2023-03-14T04:45:00.859Z,97,479,99.98
2023-03-14T05:10:00.812Z,96,473,99.98
2023-03-14T05:25:00.734Z,95,473,99.98
2023-03-14T05:40:00.797Z,217,473,99.98
2023-03-14T06:15:00.791Z,216,473,99.98
2023-03-14T06:30:00.774Z,216,474,99.98
2023-03-14T06:45:00.841Z,216,472,99.98
2023-03-14T07:10:00.760Z,213,287,99.99
2023-03-14T07:25:00.614Z,213,287,99.99
2023-03-14T07:40:00.733Z,211,293,99.99
2023-03-14T08:15:00.952Z,210,294,99.99
2023-03-14T08:35:00.742Z,210,272,99.99
2023-03-14T08:45:00.701Z,210,300,99.99
2023-03-14T09:10:00.848Z,209,272,99.99
2023-03-14T09:30:00.687Z,208,274,99.99
2023-03-14T09:40:00.753Z,213,296,99.99
2023-03-14T10:10:00.853Z,216,276,99.99
2023-03-14T10:35:00.664Z,214,275,99.99
2023-03-14T10:45:00.660Z,213,275,99.99
2023-03-14T11:10:00.754Z,210,299,99.99
2023-03-14T11:25:00.709Z,215,298,99.99
2023-03-14T11:40:00.751Z,94,298,99.99
2023-03-14T12:25:00.712Z,115,301,99.99
2023-03-14T13:15:00.741Z,145,2359,99.9
2023-03-14T13:40:00.925Z,149,2303,99.9
2023-03-14T14:10:01.444Z,150,319,99.99
2023-03-14T14:30:00.660Z,152,462,99.98
2023-03-14T14:45:00.562Z,153,483,99.98
2023-03-14T15:15:00.842Z,155,442,99.98
2023-03-14T15:35:01.200Z,153,394,99.98
2023-03-14T15:45:00.837Z,152,384,99.98
2023-03-14T16:15:00.692Z,153,554,99.98
2023-03-14T16:50:00.715Z,150,690,99.97
2023-03-14T17:15:01.113Z,151,703,99.97
2023-03-14T17:35:00.782Z,151,699,99.97
2023-03-14T17:45:02.667Z,149,710,99.97
2023-03-14T18:15:00.708Z,147,632,99.97
2023-03-14T18:40:00.769Z,138,614,99.97
2023-03-14T19:10:00.989Z,126,869,99.96
2023-03-14T19:25:00.684Z,123,855,99.96
2023-03-14T19:40:00.631Z,122,2909,99.87
2023-03-14T20:15:00.835Z,127,1136,99.95
2023-03-14T20:30:00.759Z,132,895,99.96
2023-03-14T20:45:00.718Z,133,899,99.96
2023-03-14T21:10:00.581Z,134,893,99.96
2023-03-14T21:25:00.816Z,134,895,99.96
2023-03-14T21:40:00.696Z,132,919,99.96
2023-03-14T22:10:00.753Z,131,922,99.96
2023-03-14T22:30:00.693Z,128,791,99.96
2023-03-14T22:40:00.737Z,128,796,99.96
2023-03-14T23:10:00.629Z,128,796,99.96
2023-03-14T23:25:00.659Z,127,761,99.97
2023-03-14T23:40:00.664Z,128,758,99.97
2023-03-15T00:55:00.786Z,128,800,99.96
2023-03-15T02:10:00.867Z,120,385,99.98
2023-03-15T02:45:00.673Z,116,365,99.98
2023-03-15T03:10:00.877Z,108,348,99.98
2023-03-15T03:25:00.776Z,107,555,99.98
2023-03-15T03:40:01.390Z,227,551,99.98
2023-03-15T04:10:00.754Z,229,551,99.98
2023-03-15T04:30:01.750Z,233,551,99.98
2023-03-15T04:40:00.856Z,236,552,99.98
2023-03-15T05:10:00.783Z,230,556,99.98
2023-03-15T05:25:00.781Z,230,557,99.98
2023-03-15T05:40:00.768Z,229,556,99.98
2023-03-15T06:15:00.767Z,229,532,99.98
2023-03-15T06:30:00.779Z,229,529,99.98
2023-03-15T06:45:00.997Z,229,332,99.99
2023-03-15T07:10:00.797Z,228,330,99.99
2023-03-15T07:25:01.247Z,228,313,99.99
2023-03-15T07:40:00.805Z,228,313,99.99
2023-03-15T08:15:00.830Z,228,315,99.99
2023-03-15T08:30:00.923Z,228,311,99.99
2023-03-15T08:45:01.020Z,228,312,99.99
2023-03-15T09:10:00.675Z,226,312,99.99
2023-03-15T09:35:00.771Z,226,312,99.99
2023-03-15T09:40:00.665Z,225,312,99.99
2023-03-15T10:10:01.778Z,226,305,99.99
2023-03-15T10:30:00.791Z,224,289,99.99
2023-03-15T10:40:00.721Z,221,290,99.99
2023-03-15T11:25:01.400Z,225,293,99.99
2023-03-15T11:40:00.864Z,104,295,99.99
2023-03-15T12:20:00.799Z,114,323,99.99
2023-03-15T13:00:00.752Z,134,365,99.98
2023-03-15T13:30:00.616Z,153,354,99.98
2023-03-15T13:40:02.139Z,153,404,99.98
2023-03-15T14:15:00.616Z,160,1693,99.92
2023-03-15T14:25:00.735Z,165,1686,99.93
2023-03-15T14:40:00.803Z,168,5999,99.73
2023-03-15T15:10:02.406Z,171,16760,99.26
2023-03-15T15:30:00.832Z,173,15006,99.33
2023-03-15T15:40:01.048Z,174,14594,99.35
2023-03-15T16:15:00.651Z,175,14344,99.36
2023-03-15T16:40:01.727Z,174,11072,99.51
2023-03-15T17:10:00.627Z,172,11091,99.51
2023-03-15T17:25:00.704Z,171,12807,99.43
2023-03-15T17:45:00.732Z,170,11795,99.48
2023-03-15T18:30:00.596Z,155,1513,99.93
2023-03-15T18:40:00.632Z,152,2353,99.9
2023-03-15T18:50:00.629Z,147,1039,99.95
2023-03-15T20:20:00.534Z,153,3201,99.86
2023-03-15T21:15:00.968Z,162,3157,99.86
2023-03-15T22:15:02.499Z,167,731,99.97
2023-03-15T23:10:00.782Z,165,693,99.97
2023-03-16T01:20:00.705Z,153,556,99.98
2023-03-16T02:35:00.780Z,136,488,99.98
2023-03-16T03:15:00.833Z,128,440,99.98
2023-03-16T04:20:01.606Z,242,445,99.98
2023-03-16T05:15:00.876Z,245,269,99.99
2023-03-16T06:20:00.759Z,245,268,99.99
2023-03-16T07:15:00.986Z,245,259,99.99
2023-03-16T08:20:00.839Z,246,259,99.99
2023-03-16T09:15:00.760Z,245,258,99.99
2023-03-16T10:15:00.863Z,244,269,99.99
2023-03-16T11:10:00.869Z,238,979,99.96
2023-03-16T12:30:00.710Z,140,361,99.98
2023-03-16T13:25:00.600Z,163,398,99.98
2023-03-16T14:15:00.751Z,172,1035,99.95
2023-03-16T15:15:00.750Z,177,1343,99.94
2023-03-16T16:25:00.840Z,176,861,99.96
2023-03-16T17:15:00.864Z,177,1079,99.95
2023-03-16T18:20:02.141Z,169,1577,99.93
2023-03-16T19:10:00.635Z,156,1451,99.94
2023-03-16T20:15:00.776Z,156,1229,99.95
2023-03-16T21:10:01.433Z,156,982,99.96
2023-03-16T22:15:01.263Z,151,633,99.97
2023-03-16T23:15:00.732Z,152,456,99.98
2023-03-17T01:20:00.735Z,140,504,99.98
2023-03-17T02:35:00.712Z,133,1098,99.95
2023-03-17T03:15:00.830Z,128,888,99.96
2023-03-17T04:20:00.724Z,233,2837,99.87
2023-03-17T05:15:00.747Z,236,3264,99.85
2023-03-17T06:20:00.749Z,238,3317,99.85
2023-03-17T07:15:00.827Z,238,6599,99.71
2023-03-17T08:20:00.725Z,238,13001,99.42
2023-03-17T09:20:00.936Z,235,4163,99.82
2023-03-17T10:15:00.841Z,234,4175,99.81
2023-03-17T11:10:00.638Z,236,9834,99.56
2023-03-17T12:30:00.586Z,153,7690,99.66
2023-03-17T13:20:00.564Z,182,14981,99.33
2023-03-17T14:15:00.546Z,193,16580,99.26
2023-03-17T15:15:02.457Z,197,14115,99.37
2023-03-17T16:20:00.648Z,207,7634,99.66
2023-03-17T17:15:00.746Z,205,9892,99.56
2023-03-17T18:20:00.690Z,225,16637,99.26
2023-03-17T19:10:00.699Z,194,15075,99.33
2023-03-17T20:15:03.356Z,190,7236,99.68
2023-03-17T21:10:00.632Z,194,6631,99.71
2023-03-17T22:15:00.726Z,187,4846,99.78
2023-03-17T23:15:00.729Z,187,4628,99.79
2023-03-18T01:20:00.631Z,124,2409,99.89
2023-03-18T02:35:00.593Z,114,2271,99.9
2023-03-18T03:15:00.800Z,107,1643,99.93
2023-03-18T04:20:00.785Z,96,1567,99.93
2023-03-18T05:15:00.808Z,96,1415,99.94
2023-03-18T06:20:00.869Z,96,1415,99.94
2023-03-18T07:10:01.035Z,96,1416,99.94
2023-03-18T08:20:00.746Z,219,1427,99.94
2023-03-18T09:15:00.608Z,214,1446,99.94
2023-03-18T10:15:00.911Z,195,1408,99.94
2023-03-18T11:10:01.195Z,233,1842,99.92
2023-03-18T12:30:00.633Z,149,2124,99.91
2023-03-18T13:15:00.678Z,165,2234,99.9
2023-03-18T14:10:00.669Z,166,2011,99.91
2023-03-18T15:15:00.792Z,169,1415,99.94
2023-03-18T16:20:00.587Z,170,1584,99.93
2023-03-18T17:10:00.646Z,171,3919,99.83
2023-03-18T18:15:02.697Z,167,4325,99.81
2023-03-18T19:10:00.583Z,151,5314,99.76
2023-03-18T20:15:00.968Z,150,2855,99.87
2023-03-18T21:10:00.711Z,147,3337,99.85
2023-03-18T22:15:00.615Z,141,2890,99.87
2023-03-18T23:15:00.704Z,134,2535,99.89
2023-03-19T01:35:01.183Z,102,1999,99.91
2023-03-19T02:45:00.791Z,80,5581,99.75
2023-03-19T03:15:00.744Z,74,5278,99.77
2023-03-19T04:20:01.476Z,75,2367,99.89
2023-03-19T05:15:00.763Z,75,2368,99.89
2023-03-19T06:20:00.828Z,75,1928,99.91
2023-03-19T07:10:00.815Z,75,2645,99.88
2023-03-19T08:20:00.711Z,200,2520,99.89
2023-03-19T09:15:00.777Z,198,2116,99.91
2023-03-19T10:15:00.738Z,195,2015,99.91
2023-03-19T11:10:00.791Z,185,1900,99.92
2023-03-19T12:30:00.781Z,209,2374,99.89
2023-03-19T13:20:00.747Z,225,1949,99.91
2023-03-19T14:10:00.751Z,235,1973,99.91
2023-03-19T15:15:00.923Z,238,2053,99.91
2023-03-19T16:20:00.599Z,241,2055,99.91
2023-03-19T17:10:00.672Z,246,2063,99.91
2023-03-19T18:20:00.797Z,246,1102,99.95
2023-03-19T19:10:00.739Z,238,1012,99.96
2023-03-19T20:15:00.609Z,243,1115,99.95
2023-03-19T21:10:00.602Z,243,1069,99.95
2023-03-19T22:15:00.731Z,234,1097,99.95
2023-03-19T23:15:00.668Z,233,1250,99.94
2023-03-20T01:20:00.598Z,197,882,99.96
2023-03-20T02:40:00.644Z,183,939,99.96
2023-03-20T03:15:00.796Z,175,891,99.96
2023-03-20T04:20:00.703Z,178,860,99.96
2023-03-20T05:15:00.827Z,173,859,99.96
2023-03-20T06:20:00.623Z,173,1006,99.96
2023-03-20T07:15:00.799Z,172,1009,99.96
2023-03-20T08:20:00.840Z,170,922,99.96
2023-03-20T09:15:00.775Z,169,882,99.96
2023-03-20T10:20:00.735Z,174,917,99.96
2023-03-20T11:10:01.479Z,168,631,99.97
2023-03-20T12:30:01.034Z,89,844,99.96
2023-03-20T13:25:00.842Z,101,1081,99.95
2023-03-20T14:15:00.632Z,103,2691,99.88
2023-03-20T15:15:00.533Z,117,7390,99.67
2023-03-20T16:20:00.594Z,125,2206,99.9
2023-03-20T17:15:00.650Z,126,3291,99.85
2023-03-20T18:20:00.687Z,123,1003,99.96
2023-03-20T19:10:00.700Z,108,1837,99.92
2023-03-20T20:15:00.887Z,109,2284,99.9
2023-03-20T21:10:00.622Z,116,1495,99.93
2023-03-20T22:15:00.952Z,103,3530,99.84
2023-03-20T23:15:01.350Z,101,4913,99.78
2023-03-21T01:15:00.941Z,89,1634,99.93
2023-03-21T02:30:00.884Z,197,3324,99.85
2023-03-21T03:15:00.813Z,190,3576,99.84
2023-03-21T04:15:00.748Z,186,1376,99.94
2023-03-21T05:15:00.947Z,188,1164,99.95
2023-03-21T06:20:00.759Z,170,1170,99.95
2023-03-21T07:15:00.943Z,118,1173,99.95
2023-03-21T08:20:00.859Z,89,1233,99.95
2023-03-21T09:15:00.796Z,89,1228,99.95
2023-03-21T10:15:00.576Z,78,983,99.96
2023-03-21T11:10:00.707Z,73,923,99.96
2023-03-21T12:30:00.706Z,88,705,99.97
2023-03-21T13:15:00.544Z,101,725,99.97
2023-03-21T14:10:00.700Z,102,1078,99.95
2023-03-21T15:10:01.540Z,114,3534,99.84
2023-03-21T16:15:01.762Z,119,1876,99.92
2023-03-21T16:50:00.609Z,119,2591,99.88
2023-03-26T05:50:00.645Z,215,24181,98.93
2023-03-26T06:20:00.839Z,215,23861,98.94
2023-03-26T07:10:00.706Z,215,23326,98.96
2023-03-26T08:20:00.614Z,215,23285,98.97
2023-03-26T09:10:00.686Z,215,23300,98.96
2023-03-26T10:10:01.376Z,215,18977,99.16
2023-03-26T11:10:00.922Z,215,18454,99.18
2023-03-26T12:30:00.601Z,1380,18529,99.18
2023-03-26T13:20:00.566Z,1380,18701,99.17
2023-03-26T14:10:00.651Z,1380,19089,99.15
2023-03-26T15:10:00.511Z,1380,17977,99.2
2023-03-26T16:20:00.647Z,1380,17165,99.24
2023-03-26T17:10:00.508Z,1380,15935,99.29
2023-03-26T18:20:00.592Z,1860,12851,99.43
2023-03-26T19:10:00.491Z,1860,11831,99.47
2023-03-26T20:10:00.571Z,1860,10781,99.52
2023-03-26T21:10:00.568Z,1860,9890,99.56
2023-03-26T22:10:01.440Z,1860,8832,99.61
2023-03-26T23:10:00.733Z,1860,8258,99.63
2023-03-27T01:20:00.903Z,1860,2570,99.89
2023-03-27T02:30:00.643Z,110,2187,99.9
2023-03-27T03:10:00.840Z,110,2198,99.9
2023-03-27T04:20:00.783Z,110,2170,99.9
2023-03-27T05:10:00.801Z,110,3538,99.84
2023-03-27T06:20:00.711Z,110,9841,99.56
2023-03-27T07:10:00.815Z,110,6722,99.7
2023-03-27T08:20:00.709Z,110,2479,99.89
2023-03-27T09:10:00.716Z,110,8501,99.62
2023-03-27T10:20:00.827Z,110,4389,99.8
2023-03-27T11:10:00.707Z,920,4397,99.8
2023-03-27T13:40:00.708Z,920,3359,99.85
2023-03-27T14:20:00.603Z,920,2914,99.87
2023-03-27T15:20:00.612Z,1080,2851,99.87
2023-03-27T16:20:00.743Z,1080,1320,99.94
2023-03-27T17:10:00.542Z,1080,1344,99.94
2023-03-27T18:20:00.644Z,1080,981,99.96
2023-03-27T19:10:00.635Z,1080,1678,99.93
2023-03-27T20:20:00.730Z,1080,1734,99.92
2023-03-27T21:10:00.590Z,1080,936,99.96
2023-03-27T22:10:00.698Z,1080,795,99.96
2023-03-27T23:10:00.748Z,1080,812,99.96
2023-03-28T01:30:00.754Z,1080,698,99.97
2023-03-28T02:30:00.700Z,1080,743,99.97
2023-03-28T03:10:00.635Z,211,447,99.98
2023-03-28T04:20:00.747Z,215,434,99.98
2023-03-28T05:10:00.805Z,223,444,99.98
2023-03-28T06:20:01.262Z,222,394,99.98
2023-03-28T07:10:00.797Z,221,373,99.98
2023-03-28T08:20:01.024Z,221,372,99.98
2023-03-28T09:10:00.752Z,215,172,99.99
2023-03-28T10:20:00.655Z,209,149,99.99
2023-03-28T11:10:00.731Z,207,152,99.99
2023-03-28T12:40:00.558Z,110,323,99.99
2023-03-28T13:20:00.718Z,124,277,99.99
2023-03-28T14:10:00.712Z,130,2382,99.89
2023-03-28T15:20:00.570Z,137,4453,99.8
2023-03-28T16:30:00.753Z,137,2666,99.88
2023-03-28T17:10:00.589Z,138,1377,99.94
2023-03-28T18:20:00.605Z,132,1973,99.91
2023-03-28T19:10:00.587Z,123,2388,99.89
2023-03-28T20:20:00.773Z,117,779,99.97
2023-03-28T21:10:00.793Z,119,771,99.97
2023-03-28T22:10:00.831Z,117,5163,99.77
2023-03-28T23:10:00.738Z,115,430,99.98
2023-03-29T01:40:01.092Z,220,336,99.99
2023-03-29T02:40:01.048Z,217,317,99.99
2023-03-29T03:10:00.722Z,214,238,99.99
2023-03-29T04:20:00.728Z,204,223,99.99
2023-03-29T05:10:00.709Z,204,199,99.99
2023-03-29T06:20:00.764Z,202,132,99.99
2023-03-29T07:10:00.812Z,201,132,99.99
2023-03-29T08:20:00.793Z,198,142,99.99
2023-03-29T09:10:00.781Z,197,144,99.99
2023-03-29T10:20:00.785Z,202,136,99.99
2023-03-29T11:10:00.645Z,199,150,99.99
2023-03-29T12:50:00.610Z,105,542,99.98
2023-03-29T13:20:00.614Z,111,376,99.98
2023-03-29T14:50:01.949Z,121,528,99.98
2023-03-29T17:10:00.738Z,120,2852,99.87
2023-03-29T18:30:16.685Z,114,1821,99.92
2023-03-29T19:10:00.615Z,110,1809,99.92
2023-03-29T20:10:00.625Z,103,1127,99.95
2023-03-29T21:10:01.102Z,108,1131,99.95
2023-03-29T22:20:00.759Z,101,993,99.96
2023-03-29T23:20:00.634Z,99,2170,99.9
2023-03-30T01:30:00.642Z,214,2307,99.9
2023-03-30T02:30:00.590Z,209,1660,99.93
2023-03-30T03:20:00.636Z,204,1538,99.93
2023-03-30T04:20:00.702Z,206,388,99.98
2023-03-30T05:10:00.710Z,205,388,99.98
2023-03-30T06:20:00.759Z,203,385,99.98
2023-03-30T07:10:00.757Z,201,348,99.98
2023-03-30T08:20:00.729Z,199,312,99.99
2023-03-30T09:10:00.810Z,199,282,99.99
2023-03-30T10:20:00.708Z,205,284,99.99
2023-03-30T11:10:00.955Z,203,163,99.99
2023-03-30T12:30:00.658Z,108,213,99.99
2023-03-30T13:20:00.877Z,124,251,99.99
2023-03-30T14:10:00.772Z,129,623,99.97
2023-03-30T15:20:00.681Z,132,1702,99.92
2023-03-30T16:20:00.776Z,137,1723,99.92
2023-03-30T17:10:00.672Z,138,1505,99.93